character	(n) 特性;角色;(中文)字	有色粉筆，蠟筆，粉筆畫，(n)	(adj) 相似的	(adj) 活著的;活躍的
role	(n) 角色	(adj) 缺席的,不在場的	(adj) 活著的;活躍的	(adj) 古代的
crayon	有色粉筆，蠟筆，粉筆畫，(n)	(adj) 活躍的	(adj) 古代的	(adj) 睡著的
absent	(adj) 缺席的,不在場的	(adj) 相似的	(adj) 睡著的	(adj) 向後的;落後的
active	(adj) 活躍的	(adj) 活著的;活躍的	(adj) 向後的;落後的	(adj) 可信的
alike	(adj) 相似的	(adj) 古代的	(adj) 可信的	(adj) 苦的;嚴酷的
alive	(adj) 活著的;活躍的	(adj) 睡著的	(adj) 苦的;嚴酷的	(adj) 空白的;空的,無內容的;茫然的
ancient	(adj) 古代的	(adj) 向後的;落後的	(adj) 空白的;空的,無內容的;茫然的	(adj) 瞎的
asleep	(adj) 睡著的	(adj) 可信的	(adj) 瞎的	(adj) 流血的
backward	(adj) 向後的;落後的	(adj) 苦的;嚴酷的	(adj) 流血的	(adj) 骨的;似骨的
believable	(adj) 可信的	(adj) 空白的;空的,無內容的;茫然的	(adj) 骨的;似骨的	(adj) 短暫的
bitter	(adj) 苦的;嚴酷的	(adj) 瞎的	(adj) 短暫的	(adj) 寬廣的
blank	(adj) 空白的;空的,無內容的;茫然的	(adj) 流血的	(adj) 寬廣的	(adj) 寧靜的
blind	(adj) 瞎的	(adj) 骨的;似骨的	(adj) 寧靜的	(adj) 中央的
bloody	(adj) 流血的	(adj) 短暫的	(adj) 中央的	(adj) 便宜的
bony	(adj) 骨的;似骨的	(adj) 寬廣的	(adj) 便宜的	(adj) 化學的
brief	(adj) 短暫的	(adj) 寧靜的	(adj) 化學的	(adj) 幼稚的
broad	(adj) 寬廣的	(adj) 中央的	(adj) 幼稚的	(adj) 天真爛漫的
calm	(adj) 寧靜的	(adj) 便宜的	(adj) 天真爛漫的	(adj) 上等的,精選的;挑三揀四的
central	(adj) 中央的	(adj) 化學的	(adj) 上等的,精選的;挑三揀四的	(adj) 典型的;古典的
cheap	(adj) 便宜的	(adj) 幼稚的	(adj) 典型的;古典的	(adj) 聰明伶俐的
chemical	(adj) 化學的	(adj) 天真爛漫的	(adj) 聰明伶俐的	(adj) 多雲的;陰天的
childish	(adj) 幼稚的	(adj) 上等的,精選的;挑三揀四的	(adj) 多雲的;陰天的	(adj) 舒適的
childlike	(adj) 天真爛漫的	(adj) 典型的;古典的	(adj) 舒適的	(adj) 完整的；徹底的
choice	(adj) 上等的,精選的;挑三揀四的	(adj) 聰明伶俐的	(adj) 完整的；徹底的	(adj) 方便的
classic	(adj) 典型的;古典的	(adj) 多雲的;陰天的	(adj) 方便的	(adj) 昂貴的;代價高的
clever	(adj) 聰明伶俐的	(adj) 舒適的	(adj) 昂貴的;代價高的	(adj) 古怪的;著迷的
cloudy	(adj) 多雲的;陰天的	(adj) 完整的；徹底的	(adj) 古怪的;著迷的	(adj) 殘酷的
comfortable	(adj) 舒適的	(adj) 方便的	(adj) 殘酷的	(adj) 好奇的
complete	(adj) 完整的；徹底的	(adj) 昂貴的;代價高的	(adj) 好奇的	(adj) 每日的
convenient	(adj) 方便的	(adj) 古怪的;著迷的	(adj) 每日的	(adj) 危險的
costly	(adj) 昂貴的;代價高的	(adj) 殘酷的	(adj) 危險的	(adj) 聾的
crazy	(adj) 古怪的;著迷的	(adj) 好奇的	(adj) 聾的	(adj) 好吃的
cruel	(adj) 殘酷的	(adj) 每日的	(adj) 好吃的	(adj) 不誠實的
curious	(adj) 好奇的	(adj) 危險的	(adj) 不誠實的	(adj) 遠離的
daily	(adj) 每日的	(adj) 聾的	(adj) 遠離的	(adj) 暈眩的
dangerous	(adj) 危險的	(adj) 好吃的	(adj) 暈眩的	(adj) 雙重的
deaf	(adj) 聾的	(adj) 不誠實的	(adj) 雙重的	(adj) 城市商業區的
delicious	(adj) 好吃的	(adj) 遠離的	(adj) 城市商業區的	(adj) 晦暗的;無光澤的
dishonest	(adj) 不誠實的	(adj) 暈眩的	(adj) 晦暗的;無光澤的	(adj) 愚笨的;啞的
distant	(adj) 遠離的	(adj) 雙重的	(adj) 愚笨的;啞的	(adj) 東方的
dizzy	(adj) 暈眩的	(adj) 城市商業區的	(adj) 東方的	(adj) 有效的
double	(adj) 雙重的	(adj) 晦暗的;無光澤的	(adj) 有效的	(adj) 年紀較長的
downtown	(adj) 城市商業區的	(adj) 愚笨的;啞的	(adj) 年紀較長的	(adj) 選定的,當選的
dull	(adj) 晦暗的;無光澤的	(adj) 東方的	(adj) 選定的,當選的	(adj) 全部的,整個的
dumb	(adj) 愚笨的;啞的	(adj) 有效的	(adj) 全部的,整個的	(adj) 確切的,精確的
eastern	(adj) 東方的	(adj) 年紀較長的	(adj) 確切的,精確的	(adj) 非常好的
effective	(adj) 有效的	(adj) 選定的,當選的	(adj) 非常好的	(adj) 貴的
elder	(adj) 年紀較長的	(adj) 全部的,整個的	(adj) 貴的	(adj) 熟練的,老練的;專家的
elect	(adj) 選定的,當選的	(adj) 確切的,精確的	(adj) 熟練的,老練的;專家的	(adj) 快遞的,快運的;明確的
entire	(adj) 全部的,整個的	(adj) 非常好的	(adj) 快遞的,快運的;明確的	(adj) 額外的
exact	(adj) 確切的,精確的	(adj) 貴的	(adj) 額外的	(adj) 公平的;美好的
excellent	(adj) 非常好的	(adj) 熟練的,老練的;專家的	(adj) 公平的;美好的	(adj) 著名的
expensive	(adj) 貴的	(adj) 快遞的,快運的;明確的	(adj) 著名的	(adj) 最喜愛的
expert	(adj) 熟練的,老練的;專家的	(adj) 額外的	(adj) 最喜愛的	(adj) 可怕的;害怕的
express	(adj) 快遞的,快運的;明確的	(adj) 公平的;美好的	(adj) 可怕的;害怕的	(adj) 女性的
extra	(adj) 額外的	(adj) 著名的	(adj) 女性的	(adj) 牢固的
fair	(adj) 公平的;美好的	(adj) 最喜愛的	(adj) 牢固的	(adj) 適合的;恰當的;相稱的;能勝任的
famous	(adj) 著名的	(adj) 可怕的;害怕的	(adj) 適合的;恰當的;相稱的;能勝任的	(adj) 平的
favorite	(adj) 最喜愛的	(adj) 女性的	(adj) 平的	(adj) 有霧的
fearful	(adj) 可怕的;害怕的	(adj) 牢固的	(adj) 有霧的	(adj) 接著的,其次的;下面的
female	(adj) 女性的	(adj) 適合的;恰當的;相稱的;能勝任的	(adj) 接著的,其次的;下面的	(adj) 愚蠢的
firm	(adj) 牢固的	(adj) 平的	(adj) 愚蠢的	(adj) 正式的
fit	(adj) 適合的;恰當的;相稱的;能勝任的	(adj) 有霧的	(adj) 正式的	(adj) 前者
flat	(adj) 平的	(adj) 接著的,其次的;下面的	(adj) 前者	(adj) 前面的
foggy	(adj) 有霧的	(adj) 愚蠢的	(adj) 前面的	(adj) 坦白的
following	(adj) 接著的,其次的;下面的	(adj) 正式的	(adj) 坦白的	(adj) 友善的
foolish	(adj) 愚蠢的	(adj) 前者	(adj) 友善的	(adj) 較遠的;另外的
formal	(adj) 正式的	(adj) 前面的	(adj) 較遠的;另外的	(adj) 未來的,將來的;將來(時)的
former	(adj) 前者	(adj) 坦白的	(adj) 未來的,將來的;將來(時)的	(adj) 慷慨的
forward	(adj) 前面的	(adj) 友善的	(adj) 慷慨的	(adj) 溫柔的
frank	(adj) 坦白的	(adj) 較遠的;另外的	(adj) 溫柔的	(adj) 巨大的
friendly	(adj) 友善的	(adj) 未來的,將來的;將來(時)的	(adj) 巨大的	(adj) 長滿草的;似草的
further	(adj) 較遠的;另外的	(adj) 慷慨的	(adj) 長滿草的;似草的	(adj) 貪心的
future	(adj) 未來的,將來的;將來(時)的	(adj) 溫柔的	(adj) 貪心的	(adj) 英俊的
generous	(adj) 慷慨的	(adj) 巨大的	(adj) 英俊的	(adj) 可恨的;充滿憎恨的
gentle	(adj) 溫柔的	(adj) 長滿草的;似草的	(adj) 可恨的;充滿憎恨的	(adj) 健康的
giant	(adj) 巨大的	(adj) 貪心的	(adj) 健康的	(adj) 有益的
grassy	(adj) 長滿草的;似草的	(adj) 英俊的	(adj) 有益的	(adj) 想家的
greedy	(adj) 貪心的	(adj) 可恨的;充滿憎恨的	(adj) 想家的	(adj) 誠實的
handsome	(adj) 英俊的	(adj) 健康的	(adj) 誠實的	(adj) 謙恭的;微賤的
hateful	(adj) 可恨的;充滿憎恨的	(adj) 有益的	(adj) 謙恭的;微賤的	(adj) 潮濕的
healthy	(adj) 健康的	(adj) 想家的	(adj) 潮濕的	(adj) 生病的
helpful	(adj) 有益的	(adj) 誠實的	(adj) 生病的	(adj) 獨立的
homesick	(adj) 想家的	(adj) 謙恭的;微賤的	(adj) 獨立的	(adj) 即時的
honest	(adj) 誠實的	(adj) 潮濕的	(adj) 即時的	(adj) 國際的
humble	(adj) 謙恭的;微賤的	(adj) 生病的	(adj) 國際的	(adj) 接頭;連接
humid	(adj) 潮濕的	(adj) 獨立的	(adj) 接頭;連接	(adj) 多汁的
ill	(adj) 生病的	(adj) 即時的	(adj) 多汁的	(adj) 最新的;最近的;最遲的
independent	(adj) 獨立的	(adj) 國際的	(adj) 最新的;最近的;最遲的	(adj) 合法的
instant	(adj) 即時的	(adj) 接頭;連接	(adj) 合法的	(adj) 本地的
international	(adj) 國際的	(adj) 多汁的	(adj) 本地的	(adj) 孤單的;無伴的
joint	(adj) 接頭;連接	(adj) 最新的;最近的;最遲的	(adj) 孤單的;無伴的	(adj) 寂寞的
juicy	(adj) 多汁的	(adj) 合法的	(adj) 寂寞的	(adj) 動人的
latest	(adj) 最新的;最近的;最遲的	(adj) 本地的	(adj) 動人的	(adj) 不可思議的;有魔力的
legal	(adj) 合法的	(adj) 孤單的;無伴的	(adj) 不可思議的;有魔力的	(adj) 最主要的
local	(adj) 本地的	(adj) 寂寞的	(adj) 最主要的	(adj) 男性的
lone	(adj) 孤單的;無伴的	(adj) 動人的	(adj) 男性的	(adj) 可測量的;可預見的
lonely	(adj) 寂寞的	(adj) 不可思議的;有魔力的	(adj) 可測量的;可預見的	(adj) 軍事的
lovely	(adj) 動人的	(adj) 最主要的	(adj) 軍事的	(adj) 負的,減去的
magic	(adj) 不可思議的;有魔力的	(adj) 男性的	(adj) 負的,減去的	(adj) 現代的
main	(adj) 最主要的	(adj) 可測量的;可預見的	(adj) 現代的	(adj) 可動的,可移動的
male	(adj) 男性的	(adj) 軍事的	(adj) 可動的,可移動的	(adj) 裸體的
measurable	(adj) 可測量的;可預見的	(adj) 負的,減去的	(adj) 裸體的	(adj) 窄的
military	(adj) 軍事的	(adj) 現代的	(adj) 窄的	(adj) 國家的
minus	(adj) 負的,減去的	(adj) 可動的,可移動的	(adj) 國家的	(adj) 天然的
modern	(adj) 現代的	(adj) 裸體的	(adj) 天然的	(adj) 頑皮的
movable	(adj) 可動的,可移動的	(adj) 窄的	(adj) 頑皮的	(adj) 附近的
naked	(adj) 裸體的	(adj) 國家的	(adj) 附近的	(adj) 整潔的;整齊的
narrow	(adj) 窄的	(adj) 天然的	(adj) 整潔的;整齊的	(adj) 需要的
national	(adj) 國家的	(adj) 頑皮的	(adj) 需要的	(adj) 否定的;負面的
natural	(adj) 天然的	(adj) 附近的	(adj) 否定的;負面的	(adj) 兩者都不
naughty	(adj) 頑皮的	(adj) 整潔的;整齊的	(adj) 兩者都不	(adj) 北方的;向北方的
nearby	(adj) 附近的	(adj) 需要的	(adj) 北方的;向北方的	(adj) 新的,新穎的,新奇的
neat	(adj) 整潔的;整齊的	(adj) 否定的;負面的	(adj) 新的,新穎的,新奇的	(adj) 官方的,法定的
necessary	(adj) 需要的	(adj) 兩者都不	(adj) 官方的,法定的	(adj) 平常的
negative	(adj) 否定的;負面的	(adj) 北方的;向北方的	(adj) 平常的	(adj) 國外的
neither	(adj) 兩者都不	(adj) 新的,新穎的,新奇的	(adj) 國外的	(adj) 痛的
northern	(adj) 北方的;向北方的	(adj) 官方的,法定的	(adj) 痛的	(adj) 特殊的;
novel	(adj) 新的,新穎的,新奇的	(adj) 平常的	(adj) 特殊的;	(adj) 有耐心的,能忍受的
official	(adj) 官方的,法定的	(adj) 國外的	(adj) 有耐心的,能忍受的	(adj) 寧靜的;和平的
ordinary	(adj) 平常的	(adj) 痛的	(adj) 寧靜的;和平的	(adj) 完美的
overseas	(adj) 國外的	(adj) 特殊的;	(adj) 完美的	(adj) 個人的
painful	(adj) 痛的	(adj) 有耐心的,能忍受的	(adj) 個人的	(adj) 簡樸的;清楚的
particular	(adj) 特殊的;	(adj) 寧靜的;和平的	(adj) 簡樸的;清楚的	(adj) 愛玩耍的;開玩笑的
patient	(adj) 有耐心的,能忍受的	(adj) 完美的	(adj) 愛玩耍的;開玩笑的	(adj) 愉快的;美好的
peaceful	(adj) 寧靜的;和平的	(adj) 個人的	(adj) 愉快的;美好的	(adj) 正的;外加的;有益的;陽性的;正電的
perfect	(adj) 完美的	(adj) 簡樸的;清楚的	(adj) 正的;外加的;有益的;陽性的;正電的	(adj) 有禮貌的
personal	(adj) 個人的	(adj) 愛玩耍的;開玩笑的	(adj) 有禮貌的	(adj) 流行的;受歡迎的
plain	(adj) 簡樸的;清楚的	(adj) 愉快的;美好的	(adj) 流行的;受歡迎的	(adj) 正面的;確信的
playful	(adj) 愛玩耍的;開玩笑的	(adj) 正的;外加的;有益的;陽性的;正電的	(adj) 正面的;確信的	(adj) 強有力的
pleasant	(adj) 愉快的;美好的	(adj) 有禮貌的	(adj) 強有力的	(adj) 出席的;當前的;現在式的
plus	(adj) 正的;外加的;有益的;陽性的;正電的	(adj) 流行的;受歡迎的	(adj) 出席的;當前的;現在式的	(adj) 主要的,首要的;資本的,本金的
polite	(adj) 有禮貌的	(adj) 正面的;確信的	(adj) 主要的,首要的;資本的,本金的	(adj) 私人的
popular	(adj) 流行的;受歡迎的	(adj) 強有力的	(adj) 私人的	(adj) 感光榮的;驕傲的
positive	(adj) 正面的;確信的	(adj) 出席的;當前的;現在式的	(adj) 感光榮的;驕傲的	(adj) 下雨的;多雨的
powerful	(adj) 強有力的	(adj) 主要的,首要的;資本的,本金的	(adj) 下雨的;多雨的	(adj) 迅速的
present	(adj) 出席的;當前的;現在式的	(adj) 私人的	(adj) 迅速的	(adj) 罕見的
principal	(adj) 主要的,首要的;資本的,本金的	(adj) 感光榮的;驕傲的	(adj) 罕見的	(adj) 最近的
private	(adj) 私人的	(adj) 下雨的;多雨的	(adj) 最近的	(adj) 通常的;定期的
proud	(adj) 感光榮的;驕傲的	(adj) 迅速的	(adj) 通常的;定期的	(adj) 負責任的
rainy	(adj) 下雨的;多雨的	(adj) 罕見的	(adj) 負責任的	(adj) 岩石的;多岩石的
rapid	(adj) 迅速的	(adj) 最近的	(adj) 岩石的;多岩石的	(adj) 皇家的
rare	(adj) 罕見的	(adj) 通常的;定期的	(adj) 皇家的	(adj) 無禮的
recent	(adj) 最近的	(adj) 負責任的	(adj) 無禮的	(adj) 有鹽分的;鹹味濃的
regular	(adj) 通常的;定期的	(adj) 岩石的;多岩石的	(adj) 有鹽分的;鹹味濃的	(adj) 神祕的,奧祕的
responsible	(adj) 負責任的	(adj) 皇家的	(adj) 神祕的,奧祕的	(adj) 精選的;卓越的
rocky	(adj) 岩石的;多岩石的	(adj) 無禮的	(adj) 精選的;卓越的	(adj) 單獨的,個別的
royal	(adj) 皇家的	(adj) 有鹽分的;鹹味濃的	(adj) 單獨的,個別的	(adj) 嚴肅的;嚴重的;認真的
rude	(adj) 無禮的	(adj) 神祕的,奧祕的	(adj) 嚴肅的;嚴重的;認真的	(adj) 震驚的
salty	(adj) 有鹽分的;鹹味濃的	(adj) 精選的;卓越的	(adj) 震驚的	(adj) 寂靜的
secret	(adj) 神祕的,奧祕的	(adj) 單獨的,個別的	(adj) 寂靜的	(adj) 相似的
select	(adj) 精選的;卓越的	(adj) 嚴肅的;嚴重的;認真的	(adj) 相似的	(adj) 單一的;獨身的
separate	(adj) 單獨的,個別的	(adj) 震驚的	(adj) 單一的;獨身的	(adj) 熟練的;有技能的
serious	(adj) 嚴肅的;嚴重的;認真的	(adj) 寂靜的	(adj) 熟練的;有技能的	(adj) 有技術的, 熟練的
shocked	(adj) 震驚的	(adj) 相似的	(adj) 有技術的, 熟練的	(adj) 很瘦的
silent	(adj) 寂靜的	(adj) 單一的;獨身的	(adj) 很瘦的	(adj) 想睡的
similar	(adj) 相似的	(adj) 熟練的;有技能的	(adj) 想睡的	(adj) 纖細的
single	(adj) 單一的;獨身的	(adj) 有技術的, 熟練的	(adj) 纖細的	(adj) 細長的;微小的
skilled	(adj) 熟練的;有技能的	(adj) 很瘦的	(adj) 細長的;微小的	(adj) 似雪的;多雪的
skillful	(adj) 有技術的, 熟練的	(adj) 想睡的	(adj) 似雪的;多雪的	(adj) 社會的;交際的
skinny	(adj) 很瘦的	(adj) 纖細的	(adj) 社會的;交際的	(adj) 南方的;向南方的
sleepy	(adj) 想睡的	(adj) 細長的;微小的	(adj) 南方的;向南方的	(adj) 正方形的
slender	(adj) 纖細的	(adj) 似雪的;多雪的	(adj) 正方形的	(adj) 一般性的
slim	(adj) 細長的;微小的	(adj) 社會的;交際的	(adj) 一般性的	(adj) 直的
snowy	(adj) 似雪的;多雪的	(adj) 南方的;向南方的	(adj) 直的	(adj) 嚴謹的,精確的
social	(adj) 社會的;交際的	(adj) 正方形的	(adj) 嚴謹的,精確的	(adj) 成功的
southern	(adj) 南方的;向南方的	(adj) 一般性的	(adj) 成功的	(adj) 突然的
square	(adj) 正方形的	(adj) 直的	(adj) 突然的	(adj) 晴朗的
standard	(adj) 一般性的	(adj) 嚴謹的,精確的	(adj) 晴朗的	(adj) 好說話的
straight	(adj) 直的	(adj) 成功的	(adj) 好說話的	(adj) 高雅的;大方的
strict	(adj) 嚴謹的,精確的	(adj) 突然的	(adj) 高雅的;大方的	(adj) 十幾歲的
successful	(adj) 成功的	(adj) 晴朗的	(adj) 十幾歲的	(adj) 可怕的
sudden	(adj) 突然的	(adj) 好說話的	(adj) 可怕的	(adj) 非常好的;可怕的
sunny	(adj) 晴朗的	(adj) 高雅的;大方的	(adj) 非常好的;可怕的	(adj) 粗的;厚的
talkative	(adj) 好說話的	(adj) 十幾歲的	(adj) 粗的;厚的	(adj) 瘦的
tasty	(adj) 高雅的;大方的	(adj) 可怕的	(adj) 瘦的	(adj) 口渴的
teenage	(adj) 十幾歲的	(adj) 非常好的;可怕的	(adj) 口渴的	(adj) 傳統的
terrible	(adj) 可怕的	(adj) 粗的;厚的	(adj) 傳統的	(adj) 醜的
terrific	(adj) 非常好的;可怕的	(adj) 瘦的	(adj) 醜的	(adj) 相同的,一致的;不變的
thick	(adj) 粗的;厚的	(adj) 口渴的	(adj) 相同的,一致的;不變的	(adj) 較高的
thin	(adj) 瘦的	(adj) 傳統的	(adj) 較高的	(adj) 習慣於; 舊的;用舊了的
thirsty	(adj) 口渴的	(adj) 醜的	(adj) 習慣於; 舊的;用舊了的	(adj) 例常的
traditional	(adj) 傳統的	(adj) 相同的,一致的;不變的	(adj) 例常的	(adj) 電視的;電視影像的;錄影的
ugly	(adj) 醜的	(adj) 較高的	(adj) 電視的;電視影像的;錄影的	(adj) 西方的
uniform	(adj) 相同的,一致的;不變的	(adj) 習慣於; 舊的;用舊了的	(adj) 西方的	(adj) 潮溼的
upper	(adj) 較高的	(adj) 例常的	(adj) 潮溼的	(adj) 無論怎麼的
used	(adj) 習慣於; 舊的;用舊了的	(adj) 電視的;電視影像的;錄影的	(adj) 無論怎麼的	(adj) 野生的;無法無天的
usual	(adj) 例常的	(adj) 西方的	(adj) 野生的;無法無天的	(adj) 願意的,樂意的
video	(adj) 電視的;電視影像的;錄影的	(adj) 潮溼的	(adj) 願意的,樂意的	(adj) 多風的
western	(adj) 西方的	(adj) 無論怎麼的	(adj) 多風的	(adj) 有智慧的
wet	(adj) 潮溼的	(adj) 野生的;無法無天的	(adj) 有智慧的	(adj) 很棒的;奇妙的
whatever	(adj) 無論怎麼的	(adj) 願意的,樂意的	(adj) 很棒的;奇妙的	(adj) 木製的;僵硬的;笨拙的
wild	(adj) 野生的;無法無天的	(adj) 多風的	(adj) 木製的;僵硬的;笨拙的	(v) 缺席
willing	(adj) 願意的,樂意的	(adj) 有智慧的	(v) 缺席	(v) 接受
windy	(adj) 多風的	(adj) 很棒的;奇妙的	(v) 接受	(v) 推進;提升;貸(款)
wise	(adj) 有智慧的	(adj) 木製的;僵硬的;笨拙的	(v) 推進;提升;貸(款)	(v) 有助於
wonderful	(adj) 很棒的;奇妙的	(v) 缺席	(v) 有助於	(v) 瞄準,對準
wooden	(adj) 木製的;僵硬的;笨拙的	(v) 接受	(v) 瞄準,對準	(v) 向...報警;使驚慌不安
absent	(v) 缺席	(v) 推進;提升;貸(款)	(v) 向...報警;使驚慌不安	(v) 合計,共計
accept	(v) 接受	(v) 有助於	(v) 合計,共計	(v) 塗,敷;應用
advance	(v) 推進;提升;貸(款)	(v) 瞄準,對準	(v) 塗,敷;應用	(v) 爭論
aid	(v) 有助於	(v) 向...報警;使驚慌不安	(v) 爭論	(v) 用武器裝備;提供,配備; 武裝起來
aim	(v) 瞄準,對準	(v) 合計,共計	(v) 用武器裝備;提供,配備; 武裝起來	(v) 排列;整理
alarm	(v) 向...報警;使驚慌不安	(v) 塗,敷;應用	(v) 排列;整理	(v) 逮捕;拘留
amount	(v) 合計,共計	(v) 爭論	(v) 逮捕;拘留	(v) 到達
apply	(v) 塗,敷;應用	(v) 用武器裝備;提供,配備; 武裝起來	(v) 到達	(v) 進攻;襲擊
argue	(v) 爭論	(v) 排列;整理	(v) 進攻;襲擊	(v) 出席,參加;照料;伴隨
arm	(v) 用武器裝備;提供,配備; 武裝起來	(v) 逮捕;拘留	(v) 出席,參加;照料;伴隨	(v) 避免
arrange	(v) 排列;整理	(v) 到達	(v) 避免	(v) 當臨時保姆
arrest	(v) 逮捕;拘留	(v) 進攻;襲擊	(v) 當臨時保姆	(v) 烘;烤
arrive	(v) 到達	(v) 出席,參加;照料;伴隨	(v) 烘;烤	(v) (在戶外)烤,炙(肉類)
attack	(v) 進攻;襲擊	(v) 避免	(v) (在戶外)烤,炙(肉類)	(v) 狗叫
attend	(v) 出席,參加;照料;伴隨	(v) 當臨時保姆	(v) 狗叫	(v) 與...作戰
avoid	(v) 避免	(v) 烘;烤	(v) 與...作戰	(v) 烤肉 barbecue
baby-sit	(v) 當臨時保姆	(v) (在戶外)烤,炙(肉類)	(v) 烤肉 barbecue	(v) 用珠裝飾
bake	(v) 烘;烤	(v) 狗叫	(v) 用珠裝飾	(v) 承受
barbecue	(v) (在戶外)烤,炙(肉類)	(v) 與...作戰	(v) 承受	(v) 作嗶嗶聲;吹警笛
bark	(v) 狗叫	(v) 烤肉 barbecue	(v) 作嗶嗶聲;吹警笛	(v) 乞討;懇求
battle	(v) 與...作戰	(v) 用珠裝飾	(v) 乞討;懇求	(v) 用皮帶抽打;環繞;猛擊
BBQ	(v) 烤肉 barbecue	(v) 承受	(v) 用皮帶抽打;環繞;猛擊	(v) 折彎;轉彎
bead	(v) 用珠裝飾	(v) 作嗶嗶聲;吹警笛	(v) 折彎;轉彎	(v) 以(錢;物等)打賭
bear	(v) 承受	(v) 乞討;懇求	(v) 以(錢;物等)打賭	(v) 記入帳
beep	(v) 作嗶嗶聲;吹警笛	(v) 用皮帶抽打;環繞;猛擊	(v) 記入帳	(v) 捆;綁
beg	(v) 乞討;懇求	(v) 折彎;轉彎	(v) 捆;綁	(v) 使看不見,使失明;使失去理智
belt	(v) 用皮帶抽打;環繞;猛擊	(v) 以(錢;物等)打賭	(v) 使看不見,使失明;使失去理智	(v) 上車;上船
bend	(v) 折彎;轉彎	(v) 記入帳	(v) 上車;上船	(v) (水等)沸騰;開;滾
bet	(v) 以(錢;物等)打賭	(v) 捆;綁	(v) (水等)沸騰;開;滾	(v) 轟炸,投彈;慘敗
bill	(v) 記入帳	(v) 使看不見,使失明;使失去理智	(v) 轟炸,投彈;慘敗	(v) 借
bind	(v) 捆;綁	(v) 上車;上船	(v) 借	(v) 指揮;作威作福
blind	(v) 使看不見,使失明;使失去理智	(v) (水等)沸騰;開;滾	(v) 指揮;作威作福	(v) 煩擾
board	(v) 上車;上船	(v) 轟炸,投彈;慘敗	(v) 煩擾	(v) 把...裝入瓶中;約束,抑制(感情);隱藏
boil	(v) (水等)沸騰;開;滾	(v) 借	(v) 把...裝入瓶中;約束,抑制(感情);隱藏	(v) 鞠躬
bomb	(v) 轟炸,投彈;慘敗	(v) 指揮;作威作福	(v) 鞠躬	(v) 出枝;分支;分岔
borrow	(v) 借	(v) 煩擾	(v) 出枝;分支;分岔	(v) 印...商標於
boss	(v) 指揮;作威作福	(v) 把...裝入瓶中;約束,抑制(感情);隱藏	(v) 印...商標於	(v) 簡報;作...的提要
bother	(v) 煩擾	(v) 鞠躬	(v) 簡報;作...的提要	(v) 廣播
bottle	(v) 把...裝入瓶中;約束,抑制(感情);隱藏	(v) 出枝;分支;分岔	(v) 廣播	(v) 刷
bow	(v) 鞠躬	(v) 印...商標於	(v) 刷	(v) 燒;燙傷
branch	(v) 出枝;分支;分岔	(v) 簡報;作...的提要	(v) 燒;燙傷	(v) 爆開;闖入
brand	(v) 印...商標於	(v) 廣播	(v) 爆開;闖入	(v) 扣鈕扣
brief	(v) 簡報;作...的提要	(v) 刷	(v) 扣鈕扣	(v) 發越洋電報
broadcast	(v) 廣播	(v) 燒;燙傷	(v) 發越洋電報	(v) 變安靜;使鎮定
brush	(v) 刷	(v) 爆開;闖入	(v) 變安靜;使鎮定	(v) 取消
burn	(v) 燒;燙傷	(v) 扣鈕扣	(v) 取消	(v) 在...上鋪地毯;斥責
burst	(v) 爆開;闖入	(v) 發越洋電報	(v) 在...上鋪地毯;斥責	(v) 用運貨車裝運
button	(v) 扣鈕扣	(v) 變安靜;使鎮定	(v) 用運貨車裝運	(v) 畫漫畫;畫草圖
cable	(v) 發越洋電報	(v) 取消	(v) 畫漫畫;畫草圖	(v) 兌現
calm	(v) 變安靜;使鎮定	(v) 在...上鋪地毯;斥責	(v) 兌現	(v) 塌落,倒坍
cancel	(v) 取消	(v) 用運貨車裝運	(v) 塌落,倒坍	(v) 使變白;畫出...的草圖;規劃;記下
carpet	(v) 在...上鋪地毯;斥責	(v) 畫漫畫;畫草圖	(v) 使變白;畫出...的草圖;規劃;記下	(v) 改變;更改
cart	(v) 用運貨車裝運	(v) 兌現	(v) 改變;更改	(v) 索價;充電
cartoon	(v) 畫漫畫;畫草圖	(v) 塌落,倒坍	(v) 索價;充電	(v) 欺騙;作弊
cash	(v) 兌現	(v) 使變白;畫出...的草圖;規劃;記下	(v) 欺騙;作弊	(v) 選擇;挑選
cave	(v) 塌落,倒坍	(v) 改變;更改	(v) 選擇;挑選	(v) 畫圓圈;圈出;盤旋;流傳
chalk	(v) 使變白;畫出...的草圖;規劃;記下	(v) 索價;充電	(v) 畫圓圈;圈出;盤旋;流傳	(v) 聲稱
change	(v) 改變;更改	(v) 欺騙;作弊	(v) 聲稱	(v) 拍(手);鼓(掌)
charge	(v) 索價;充電	(v) 選擇;挑選	(v) 拍(手);鼓(掌)	(v) 用爪子抓
cheat	(v) 欺騙;作弊	(v) 畫圓圈;圈出;盤旋;流傳	(v) 用爪子抓	(v) 給...穿衣;為...提供衣服
choose	(v) 選擇;挑選	(v) 聲稱	(v) 給...穿衣;為...提供衣服	(v) 開玩笑;裝傻
circle	(v) 畫圓圈;圈出;盤旋;流傳	(v) 拍(手);鼓(掌)	(v) 開玩笑;裝傻	(v) 募集;捐獻;集資;聯合起來
claim	(v) 聲稱	(v) 用爪子抓	(v) 募集;捐獻;集資;聯合起來	(v) 訓練,指導,輔導;乘馬車旅行
clap	(v) 拍(手);鼓(掌)	(v) 給...穿衣;為...提供衣服	(v) 訓練,指導,輔導;乘馬車旅行	(v) 鑄造(貨幣);創造,杜撰(新詞等)
claw	(v) 用爪子抓	(v) 開玩笑;裝傻	(v) 鑄造(貨幣);創造,杜撰(新詞等)	(v) 收集
clothe	(v) 給...穿衣;為...提供衣服	(v) 募集;捐獻;集資;聯合起來	(v) 收集	(v) 用梳子梳理
clown	(v) 開玩笑;裝傻	(v) 訓練,指導,輔導;乘馬車旅行	(v) 用梳子梳理	(v) 比較
club	(v) 募集;捐獻;集資;聯合起來	(v) 鑄造(貨幣);創造,杜撰(新詞等)	(v) 比較	(v) 抱怨
coach	(v) 訓練,指導,輔導;乘馬車旅行	(v) 收集	(v) 抱怨	(v) 完成
coin	(v) 鑄造(貨幣);創造,杜撰(新詞等)	(v) 用梳子梳理	(v) 完成	(v) 確認
collect	(v) 收集	(v) 比較	(v) 確認	(v) 矛盾,衝突
comb	(v) 用梳子梳理	(v) 抱怨	(v) 矛盾,衝突	(v) 考慮
compare	(v) 比較	(v) 完成	(v) 考慮	(v) 接觸;聯繫
complain	(v) 抱怨	(v) 確認	(v) 接觸;聯繫	(v) 包含;容納
complete	(v) 完成	(v) 矛盾,衝突	(v) 包含;容納	(v) 控制
confirm	(v) 確認	(v) 考慮	(v) 控制	(v) 拷貝;抄襲
conflict	(v) 矛盾,衝突	(v) 接觸;聯繫	(v) 拷貝;抄襲	(v) 咳嗽
consider	(v) 考慮	(v) 包含;容納	(v) 咳嗽	(v) 連接;結合;成婚;交配
contact	(v) 接觸;聯繫	(v) 控制	(v) 連接;結合;成婚;交配	(v) 向...獻殷勤;追求;引誘;求婚
contain	(v) 包含;容納	(v) 拷貝;抄襲	(v) 向...獻殷勤;追求;引誘;求婚	(v) 伸(頸)
control	(v) 控制	(v) 咳嗽	(v) 伸(頸)	(v) 創造
copy	(v) 拷貝;抄襲	(v) 連接;結合;成婚;交配	(v) 創造	(v) 收成
cough	(v) 咳嗽	(v) 向...獻殷勤;追求;引誘;求婚	(v) 收成	(v) 越過;渡過
couple	(v) 連接;結合;成婚;交配	(v) 伸(頸)	(v) 越過;渡過	(v) 得意洋洋,幸災樂禍
court	(v) 向...獻殷勤;追求;引誘;求婚	(v) 創造	(v) 得意洋洋,幸災樂禍	(v) 擠滿;聚集
crane	(v) 伸(頸)	(v) 收成	(v) 擠滿;聚集	(v) 治癒
create	(v) 創造	(v) 越過;渡過	(v) 治癒	(v) (用簾子)遮掉,隔開
crop	(v) 收成	(v) 得意洋洋,幸災樂禍	(v) (用簾子)遮掉,隔開	(v) 損害
cross	(v) 越過;渡過	(v) 擠滿;聚集	(v) 損害	(v) 破曉, 頓悟
crow	(v) 得意洋洋,幸災樂禍	(v) 治癒	(v) 破曉, 頓悟	(v) 辯論
crowd	(v) 擠滿;聚集	(v) (用簾子)遮掉,隔開	(v) 辯論	(v) 佈置
cure	(v) 治癒	(v) 損害	(v) 佈置	(v) 延緩;使延期
curtain	(v) (用簾子)遮掉,隔開	(v) 破曉, 頓悟	(v) 延緩;使延期	(v) 遞送;發表,講;給……接生
damage	(v) 損害	(v) 辯論	(v) 遞送;發表,講;給……接生	(v) 否定,否認
dawn	(v) 破曉, 頓悟	(v) 佈置	(v) 否定,否認	(v) 依賴
debate	(v) 辯論	(v) 延緩;使延期	(v) 依賴	(v) 描述
decorate	(v) 佈置	(v) 遞送;發表,講;給……接生	(v) 描述	(v) 遺棄;離棄;逃跑
delay	(v) 延緩;使延期	(v) 否定,否認	(v) 遺棄;離棄;逃跑	(v) 設計
deliver	(v) 遞送;發表,講;給……接生	(v) 依賴	(v) 設計	(v) 渴望;要求;想與...發生性關係
deny	(v) 否定,否認	(v) 描述	(v) 渴望;要求;想與...發生性關係	(v) 查出
depend	(v) 依賴	(v) 遺棄;離棄;逃跑	(v) 查出	(v) 發展
describe	(v) 描述	(v) 設計	(v) 發展	(v) 撥(電話號碼)
desert	(v) 遺棄;離棄;逃跑	(v) 渴望;要求;想與...發生性關係	(v) 撥(電話號碼)	(v) 不一致,不符
design	(v) 設計	(v) 查出	(v) 不一致,不符	(v) 消失
desire	(v) 渴望;要求;想與...發生性關係	(v) 發展	(v) 消失	(v) 討論
detect	(v) 查出	(v) 撥(電話號碼)	(v) 討論	(v) 陳列;展出
develop	(v) 發展	(v) 不一致,不符	(v) 陳列;展出	(v) 使疏遠
dial	(v) 撥(電話號碼)	(v) 消失	(v) 使疏遠	(v) 分開;除以
disagree	(v) 不一致,不符	(v) 討論	(v) 分開;除以	(v) 點綴; 打點,加點
disappear	(v) 消失	(v) 陳列;展出	(v) 點綴; 打點,加點	(v) 加倍
discuss	(v) 討論	(v) 使疏遠	(v) 加倍	(v) 懷疑
display	(v) 陳列;展出	(v) 分開;除以	(v) 懷疑	(v) 拉,拖
distance	(v) 使疏遠	(v) 點綴; 打點,加點	(v) 拉,拖	(v) 穿著
divide	(v) 分開;除以	(v) 加倍	(v) 穿著	(v) (使)滴落;丟下
dot	(v) 點綴; 打點,加點	(v) 懷疑	(v) (使)滴落;丟下	(v) 使服麻醉藥;使服毒品
double	(v) 加倍	(v) 拉,拖	(v) 使服麻醉藥;使服毒品	(v) 打鼓;咚咚地敲
doubt	(v) 懷疑	(v) 穿著	(v) 打鼓;咚咚地敲	(v) 弄鈍;使不活躍;減少;減輕
drag	(v) 拉,拖	(v) (使)滴落;丟下	(v) 弄鈍;使不活躍;減少;減輕	(v) 賺到
dress	(v) 穿著	(v) 使服麻醉藥;使服毒品	(v) 賺到	(v) 造成;招致
drop	(v) (使)滴落;丟下	(v) 打鼓;咚咚地敲	(v) 造成;招致	(v) 選出
drug	(v) 使服麻醉藥;使服毒品	(v) 弄鈍;使不活躍;減少;減輕	(v) 選出	(v) 鼓勵;助長
drum	(v) 打鼓;咚咚地敲	(v) 賺到	(v) 鼓勵;助長	(v) 喜歡;享受
dull	(v) 弄鈍;使不活躍;減少;減輕	(v) 造成;招致	(v) 喜歡;享受	(v) 使興奮;使激動
earn	(v) 賺到	(v) 選出	(v) 使興奮;使激動	(v) 原諒;借光
effect	(v) 造成;招致	(v) 鼓勵;助長	(v) 原諒;借光	(v) 鍛鍊;操練;練習;運用,行使
elect	(v) 選出	(v) 喜歡;享受	(v) 鍛鍊;操練;練習;運用,行使	(v) 存在
encourage	(v) 鼓勵;助長	(v) 使興奮;使激動	(v) 存在	(v) 期待
enjoy	(v) 喜歡;享受	(v) 原諒;借光	(v) 期待	(v) 經歷;感受
excite	(v) 使興奮;使激動	(v) 鍛鍊;操練;練習;運用,行使	(v) 經歷;感受	(v) 解釋
excuse	(v) 原諒;借光	(v) 存在	(v) 解釋	(v) 表示
exercise	(v) 鍛鍊;操練;練習;運用,行使	(v) 期待	(v) 表示	(v) 失敗;不及格
exist	(v) 存在	(v) 經歷;感受	(v) 失敗;不及格	(v) 挑...的毛病;產生斷層
expect	(v) 期待	(v) 解釋	(v) 挑...的毛病;產生斷層	(v) 支持,擁護;有利於
experience	(v) 經歷;感受	(v) 表示	(v) 支持,擁護;有利於	(v) 用柵(或籬)圍起來;防護;保衛
explain	(v) 解釋	(v) 失敗;不及格	(v) 用柵(或籬)圍起來;防護;保衛	(v) 估計;描繪
express	(v) 表示	(v) 挑...的毛病;產生斷層	(v) 估計;描繪	(v) 把...拍成電影;生薄膜
fail	(v) 失敗;不及格	(v) 支持,擁護;有利於	(v) 把...拍成電影;生薄膜	(v) 使穩固;使牢固;變堅實
fault	(v) 挑...的毛病;產生斷層	(v) 用柵(或籬)圍起來;防護;保衛	(v) 使穩固;使牢固;變堅實	(v) 合身;適合
favor	(v) 支持,擁護;有利於	(v) 估計;描繪	(v) 合身;適合	(v) 修理
fence	(v) 用柵(或籬)圍起來;防護;保衛	(v) 把...拍成電影;生薄膜	(v) 修理	(v) 打旗號表示;衰退,低落
figure	(v) 估計;描繪	(v) 使穩固;使牢固;變堅實	(v) 打旗號表示;衰退,低落	(v) 使閃光;使閃爍
film	(v) 把...拍成電影;生薄膜	(v) 合身;適合	(v) 使閃光;使閃爍	(v) 使變平;降半音
firm	(v) 使穩固;使牢固;變堅實	(v) 修理	(v) 使變平;降半音	(v) 淹沒;使泛濫
fit	(v) 合身;適合	(v) 打旗號表示;衰退,低落	(v) 淹沒;使泛濫	(v) 撒粉於;把...磨成粉
fix	(v) 修理	(v) 使閃光;使閃爍	(v) 撒粉於;把...磨成粉	(v) (河水等)流動
flag	(v) 打旗號表示;衰退,低落	(v) 使變平;降半音	(v) (河水等)流動	(v) 用長笛奏(樂曲)
flash	(v) 使閃光;使閃爍	(v) 淹沒;使泛濫	(v) 用長笛奏(樂曲)	(v) 集中
flat	(v) 使變平;降半音	(v) 撒粉於;把...磨成粉	(v) 集中	(v) 愚弄
flood	(v) 淹沒;使泛濫	(v) (河水等)流動	(v) 愚弄	(v) 原諒
flour	(v) 撒粉於;把...磨成粉	(v) 用長笛奏(樂曲)	(v) 原諒	(v) 形成
flow	(v) (河水等)流動	(v) 集中	(v) 形成	(v) 轉遞
flute	(v) 用長笛奏(樂曲)	(v) 愚弄	(v) 轉遞	(v) 害怕;吃驚
focus	(v) 集中	(v) 原諒	(v) 害怕;吃驚	(v) 起作用
fool	(v) 愚弄	(v) 形成	(v) 起作用	(v) 更遠地;進一步地;促進;助長
forgive	(v) 原諒	(v) 轉遞	(v) 更遠地;進一步地;促進;助長	(v) 得到;增進
form	(v) 形成	(v) 害怕;吃驚	(v) 得到;增進	(v) 把(汽車等)送入車庫(或修理廠)
forward	(v) 轉遞	(v) 起作用	(v) 把(汽車等)送入車庫(或修理廠)	(v) 集合
frighten	(v) 害怕;吃驚	(v) 更遠地;進一步地;促進;助長	(v) 集合	(v) 黏住;緊附
function	(v) 起作用	(v) 得到;增進	(v) 黏住;緊附	(v) 打高爾夫球
further	(v) 更遠地;進一步地;促進;助長	(v) 把(汽車等)送入車庫(或修理廠)	(v) 打高爾夫球	(v) 統治;管理
gain	(v) 得到;增進	(v) 集合	(v) 統治;管理	(v) 將...分等級;將...分類
garage	(v) 把(汽車等)送入車庫(或修理廠)	(v) 黏住;緊附	(v) 將...分等級;將...分類	(v) 問候;致敬
gather	(v) 集合	(v) 打高爾夫球	(v) 問候;致敬	(v) 保衛;看守
glue	(v) 黏住;緊附	(v) 統治;管理	(v) 保衛;看守	(v) 敲打
golf	(v) 打高爾夫球	(v) 將...分等級;將...分類	(v) 敲打	(v) 處理;搬弄
govern	(v) 統治;管理	(v) 問候;致敬	(v) 處理;搬弄	(v) 把…掛起;吊
grade	(v) 將...分等級;將...分類	(v) 保衛;看守	(v) 把…掛起;吊	(v) 躲;隱藏
greet	(v) 問候;致敬	(v) 敲打	(v) 躲;隱藏	(v) 雇用
guard	(v) 保衛;看守	(v) 處理;搬弄	(v) 雇用	(v) 單足跳
hammer	(v) 敲打	(v) 把…掛起;吊	(v) 單足跳	(v) 哼曲子
handle	(v) 處理;搬弄	(v) 躲;隱藏	(v) 哼曲子	(v) 使謙卑;使威信掃地
hang	(v) 把…掛起;吊	(v) 雇用	(v) 使謙卑;使威信掃地	(v) 追獵
hide	(v) 躲;隱藏	(v) 單足跳	(v) 追獵	(v) 趕快
hire	(v) 雇用	(v) 哼曲子	(v) 趕快	(v) 不理睬
hop	(v) 單足跳	(v) 使謙卑;使威信掃地	(v) 不理睬	(v) 想像
hum	(v) 哼曲子	(v) 追獵	(v) 想像	(v) 改善
humble	(v) 使謙卑;使威信掃地	(v) 趕快	(v) 改善	(v) 包含
hunt	(v) 追獵	(v) 不理睬	(v) 包含	(v) 增加
hurry	(v) 趕快	(v) 想像	(v) 增加	(v) 指出
ignore	(v) 不理睬	(v) 改善	(v) 指出	(v) 影響,感化;左右
imagine	(v) 想像	(v) 包含	(v) 影響,感化;左右	(v) 用墨水寫;簽署;簽訂(合同等)
improve	(v) 改善	(v) 增加	(v) 用墨水寫;簽署;簽訂(合同等)	(v) 堅持
include	(v) 包含	(v) 指出	(v) 堅持	(v) 舉...為例;引證
increase	(v) 增加	(v) 影響,感化;左右	(v) 舉...為例;引證	(v) 面談;採訪
indicate	(v) 指出	(v) 用墨水寫;簽署;簽訂(合同等)	(v) 面談;採訪	(v) 介紹
influence	(v) 影響,感化;左右	(v) 堅持	(v) 介紹	(v) 發明
ink	(v) 用墨水寫;簽署;簽訂(合同等)	(v) 舉...為例;引證	(v) 發明	(v) 邀請
insist	(v) 堅持	(v) 面談;採訪	(v) 邀請	(v) 擠;夾傷
instance	(v) 舉...為例;引證	(v) 介紹	(v) 擠;夾傷	(v) 使活潑;奏爵士樂;遊蕩
interview	(v) 面談;採訪	(v) 發明	(v) 使活潑;奏爵士樂;遊蕩	(v) 慢跑
introduce	(v) 介紹	(v) 邀請	(v) 慢跑	(v) 連接,接合
invent	(v) 發明	(v) 擠;夾傷	(v) 連接,接合	(v) 判斷;審判
invite	(v) 邀請	(v) 使活潑;奏爵士樂;遊蕩	(v) 判斷;審判	(v) 敲
jam	(v) 擠;夾傷	(v) 慢跑	(v) 敲	(v) 出借
jazz	(v) 使活潑;奏爵士樂;遊蕩	(v) 連接,接合	(v) 出借	(v) 舔
jog	(v) 慢跑	(v) 判斷;審判	(v) 舔	(v) 限定
joint	(v) 連接,接合	(v) 敲	(v) 限定	(v) 聯繫
judge	(v) 判斷;審判	(v) 出借	(v) 聯繫	(v) 把...設置在;使...座落於
knock	(v) 敲	(v) 舔	(v) 把...設置在;使...座落於	(v) 鎖住
lend	(v) 出借	(v) 限定	(v) 鎖住	(v) 伐(林木);把...記入航海日誌
lick	(v) 舔	(v) 聯繫	(v) 伐(林木);把...記入航海日誌	(v) 輸;失去
limit	(v) 限定	(v) 把...設置在;使...座落於	(v) 輸;失去	(v) 放下,降下;放低;減低;減弱
link	(v) 聯繫	(v) 鎖住	(v) 放下,降下;放低;減低;減弱	(v) 維持;保養
locate	(v) 把...設置在;使...座落於	(v) 伐(林木);把...記入航海日誌	(v) 維持;保養	(v) 做記號
lock	(v) 鎖住	(v) 輸;失去	(v) 做記號	(v) 在(臉上)戴面具;掩飾
log	(v) 伐(林木);把...記入航海日誌	(v) 放下,降下;放低;減低;減弱	(v) 在(臉上)戴面具;掩飾	(v) 相配
lose	(v) 輸;失去	(v) 維持;保養	(v) 相配	(v) 使交配
lower	(v) 放下,降下;放低;減低;減弱	(v) 做記號	(v) 使交配	(v) 計量
maintain	(v) 維持;保養	(v) 在(臉上)戴面具;掩飾	(v) 計量	(v) 開礦;佈雷;破壞
mark	(v) 做記號	(v) 相配	(v) 開礦;佈雷;破壞	(v) 反映,反射
mask	(v) 在(臉上)戴面具;掩飾	(v) 使交配	(v) 反映,反射	(v) 混合
match	(v) 相配	(v) 計量	(v) 混合	(v) 塑像;當模特兒
mate	(v) 使交配	(v) 開礦;佈雷;破壞	(v) 塑像;當模特兒	(v) 打手勢;搖(或點)頭示意;擺動,走
measure	(v) 計量	(v) 反映,反射	(v) 打手勢;搖(或點)頭示意;擺動,走	(v) 乘,使相乘
mine	(v) 開礦;佈雷;破壞	(v) 混合	(v) 乘,使相乘	(v) 將...釘牢;捕獲;揭露;擊,打
mirror	(v) 反映,反射	(v) 塑像;當模特兒	(v) 將...釘牢;捕獲;揭露;擊,打	(v) 變窄;收縮;減少
mix	(v) 混合	(v) 打手勢;搖(或點)頭示意;擺動,走	(v) 變窄;收縮;減少	(v) (用話)刺激,挑逗;用針縫
model	(v) 塑像;當模特兒	(v) 乘,使相乘	(v) (用話)刺激,挑逗;用針縫	(v) 與...為鄰
motion	(v) 打手勢;搖(或點)頭示意;擺動,走	(v) 將...釘牢;捕獲;揭露;擊,打	(v) 與...為鄰	(v) 築巢;巢居;伏窩
multiply	(v) 乘,使相乘	(v) 變窄;收縮;減少	(v) 築巢;巢居;伏窩	(v) 用網捕;使淨賺
nail	(v) 將...釘牢;捕獲;揭露;擊,打	(v) (用話)刺激,挑逗;用針縫	(v) 用網捕;使淨賺	(v) 點頭
narrow	(v) 變窄;收縮;減少	(v) 與...為鄰	(v) 點頭	(v) 服從
needle	(v) (用話)刺激,挑逗;用針縫	(v) 築巢;巢居;伏窩	(v) 服從	(v) 反對
neighbor	(v) 與...為鄰	(v) 用網捕;使淨賺	(v) 反對	(v) 發生;出現
nest	(v) 築巢;巢居;伏窩	(v) 點頭	(v) 發生;出現	(v) 提供
net	(v) 用網捕;使淨賺	(v) 服從	(v) 提供	(v) 略過
nod	(v) 點頭	(v) 反對	(v) 略過	(v) 運作;運轉;動手術
obey	(v) 服從	(v) 發生;出現	(v) 運作;運轉;動手術	(v) 使有條理;安排
object	(v) 反對	(v) 提供	(v) 使有條理;安排	(v) 包裝
occur	(v) 發生;出現	(v) 略過	(v) 包裝	(v) 把...打包;包裝
offer	(v) 提供	(v) 運作;運轉;動手術	(v) 把...打包;包裝	(v) 使煩惱,使痛苦;使疼痛
omit	(v) 略過	(v) 使有條理;安排	(v) 使煩惱,使痛苦;使疼痛	(v) 寬恕
operate	(v) 運作;運轉;動手術	(v) 包裝	(v) 寬恕	(v) 機械地模仿
organize	(v) 使有條理;安排	(v) 把...打包;包裝	(v) 機械地模仿	(v) 黏貼
pack	(v) 包裝	(v) 使煩惱,使痛苦;使疼痛	(v) 黏貼	(v) 輕拍,撫拍
package	(v) 把...打包;包裝	(v) 寬恕	(v) 輕拍,撫拍	(v) 仿造,模仿
pain	(v) 使煩惱,使痛苦;使疼痛	(v) 機械地模仿	(v) 仿造,模仿	(v) 加胡椒粉於;使佈滿;嚴懲
pardon	(v) 寬恕	(v) 黏貼	(v) 加胡椒粉於;使佈滿;嚴懲	(v) 使完美;做完
parrot	(v) 機械地模仿	(v) 輕拍,撫拍	(v) 使完美;做完	(v) 打電話
paste	(v) 黏貼	(v) 仿造,模仿	(v) 打電話	(v) 給...拍照; 拍照;在照片上顯得
pat	(v) 輕拍,撫拍	(v) 加胡椒粉於;使佈滿;嚴懲	(v) 給...拍照; 拍照;在照片上顯得	(v) 拍照
pattern	(v) 仿造,模仿	(v) 使完美;做完	(v) 拍照	(v) 用言語表達,用(詞)
pepper	(v) 加胡椒粉於;使佈滿;嚴懲	(v) 打電話	(v) 用言語表達,用(詞)	(v) 採收;撿起;選
perfect	(v) 使完美;做完	(v) 給...拍照; 拍照;在照片上顯得	(v) 採收;撿起;選	(v) 去野餐,參加野餐;在戶外用餐
phone	(v) 打電話	(v) 拍照	(v) 去野餐,參加野餐;在戶外用餐	(v) 堆起
photo	(v) 給...拍照; 拍照;在照片上顯得	(v) 用言語表達,用(詞)	(v) 堆起	(v) 枕著頭;靠
photograph	(v) 拍照	(v) 採收;撿起;選	(v) 枕著頭;靠	(v) 釘住;壓住;按住;把...歸罪於
phrase	(v) 用言語表達,用(詞)	(v) 去野餐,參加野餐;在戶外用餐	(v) 釘住;壓住;按住;把...歸罪於	(v) 用管道輸送;吹奏管樂;尖聲叫嚷
pick	(v) 採收;撿起;選	(v) 堆起	(v) 用管道輸送;吹奏管樂;尖聲叫嚷	(v) 搭(帳篷);紮(營);為...定調
picnic	(v) 去野餐,參加野餐;在戶外用餐	(v) 枕著頭;靠	(v) 搭(帳篷);紮(營);為...定調	(v) 鍍;電鍍
pile	(v) 堆起	(v) 釘住;壓住;按住;把...歸罪於	(v) 鍍;電鍍	(v) 放毒,下毒
pillow	(v) 枕著頭;靠	(v) 用管道輸送;吹奏管樂;尖聲叫嚷	(v) 放毒,下毒	(v) 擺姿勢
pin	(v) 釘住;壓住;按住;把...歸罪於	(v) 搭(帳篷);紮(營);為...定調	(v) 擺姿勢	(v) 郵寄;登入(分類帳等);發表
pipe	(v) 用管道輸送;吹奏管樂;尖聲叫嚷	(v) 鍍;電鍍	(v) 郵寄;登入(分類帳等);發表	(v) 把...放在罐(或鍋)裡;亂射
pitch	(v) 搭(帳篷);紮(營);為...定調	(v) 放毒,下毒	(v) 把...放在罐(或鍋)裡;亂射	(v) 敲打;(心等)劇跳;腳步沈重地走
plate	(v) 鍍;電鍍	(v) 擺姿勢	(v) 敲打;(心等)劇跳;腳步沈重地走	(v) 讚美
poison	(v) 放毒,下毒	(v) 郵寄;登入(分類帳等);發表	(v) 讚美	(v) 禱告
pose	(v) 擺姿勢	(v) 把...放在罐(或鍋)裡;亂射	(v) 禱告	(v) 更喜歡
post	(v) 郵寄;登入(分類帳等);發表	(v) 敲打;(心等)劇跳;腳步沈重地走	(v) 更喜歡	(v) 提出
pot	(v) 把...放在罐(或鍋)裡;亂射	(v) 讚美	(v) 提出	(v) 壓,擠;催逼
pound	(v) 敲打;(心等)劇跳;腳步沈重地走	(v) 禱告	(v) 壓,擠;催逼	(v) 使得意,以...自豪
praise	(v) 讚美	(v) 更喜歡	(v) 使得意,以...自豪	(v) 重視,珍視;估價
pray	(v) 禱告	(v) 提出	(v) 重視,珍視;估價	(v) 製造;出產
prefer	(v) 更喜歡	(v) 壓,擠;催逼	(v) 製造;出產	(v) 前進;進行;上進,提高,進步
present	(v) 提出	(v) 使得意,以...自豪	(v) 前進;進行;上進,提高,進步	(v) 計劃;企劃;突出,伸出;投射
press	(v) 壓,擠;催逼	(v) 重視,珍視;估價	(v) 計劃;企劃;突出,伸出;投射	(v) 答應
pride	(v) 使得意,以...自豪	(v) 製造;出產	(v) 答應	(v) 發...音
prize	(v) 重視,珍視;估價	(v) 前進;進行;上進,提高,進步	(v) 發...音	(v) 提議
produce	(v) 製造;出產	(v) 計劃;企劃;突出,伸出;投射	(v) 提議	(v) 保護
progress	(v) 前進;進行;上進,提高,進步	(v) 答應	(v) 保護	(v) 供應
project	(v) 計劃;企劃;突出,伸出;投射	(v) 發...音	(v) 供應	(v) 跳動;使用唧筒
promise	(v) 答應	(v) 提議	(v) 跳動;使用唧筒	(v) 處罰
pronounce	(v) 發...音	(v) 保護	(v) 處罰	(v) 使迷惑
propose	(v) 提議	(v) 供應	(v) 使迷惑	(v) 把...四等分;供...住宿;;駐紮
protect	(v) 保護	(v) 跳動;使用唧筒	(v) 把...四等分;供...住宿;;駐紮	(v) 放棄;離職
provide	(v) 供應	(v) 處罰	(v) 放棄;離職	(v) 挖苦,嘲弄;考問
pump	(v) 跳動;使用唧筒	(v) 使迷惑	(v) 挖苦,嘲弄;考問	(v) 排列
punish	(v) 處罰	(v) 把...四等分;供...住宿;;駐紮	(v) 排列	(v) 認知;實現
puzzle	(v) 使迷惑	(v) 放棄;離職	(v) 認知;實現	(v) 記錄;錄音
quarter	(v) 把...四等分;供...住宿;;駐紮	(v) 挖苦,嘲弄;考問	(v) 記錄;錄音	(v) 拒絕
quit	(v) 放棄;離職	(v) 排列	(v) 拒絕	(v) 把...看作;尊重
quiz	(v) 挖苦,嘲弄;考問	(v) 認知;實現	(v) 把...看作;尊重	(v) 拒絕
range	(v) 排列	(v) 記錄;錄音	(v) 拒絕	(v) 重複
realize	(v) 認知;實現	(v) 拒絕	(v) 重複	(v) 回答
record	(v) 記錄;錄音	(v) 把...看作;尊重	(v) 回答	(v) 需要
refuse	(v) 拒絕	(v) 拒絕	(v) 需要	(v) 尊敬
regard	(v) 把...看作;尊重	(v) 重複	(v) 尊敬	(v) 發生,產生;結果;導致
reject	(v) 拒絕	(v) 回答	(v) 發生,產生;結果;導致	(v) 溫習;回顧
repeat	(v) 重複	(v) 需要	(v) 溫習;回顧	(v) 搖動
reply	(v) 回答	(v) 尊敬	(v) 搖動	(v) 催促;急送
require	(v) 需要	(v) 發生,產生;結果;導致	(v) 催促;急送	(v) 取...的樣品;抽樣檢查
respect	(v) 尊敬	(v) 溫習;回顧	(v) 取...的樣品;抽樣檢查	(v) 將..夾在中間,擠進
result	(v) 發生,產生;結果;導致	(v) 搖動	(v) 將..夾在中間,擠進	(v) 使滿意
review	(v) 溫習;回顧	(v) 催促;急送	(v) 使滿意	(v) 給...加調味汁
rock	(v) 搖動	(v) 取...的樣品;抽樣檢查	(v) 給...加調味汁	(v) 得分
rush	(v) 催促;急送	(v) 將..夾在中間,擠進	(v) 得分	(v) 篩選;放映電影
sample	(v) 取...的樣品;抽樣檢查	(v) 使滿意	(v) 篩選;放映電影	(v) 搜尋;搜查
sandwich	(v) 將..夾在中間,擠進	(v) 給...加調味汁	(v) 搜尋;搜查	(v) 把...分成段(或組等);將...切片
satisfy	(v) 使滿意	(v) 得分	(v) 把...分成段(或組等);將...切片	(v) 挑選
sauce	(v) 給...加調味汁	(v) 篩選;放映電影	(v) 挑選	(v) 分隔
score	(v) 得分	(v) 搜尋;搜查	(v) 分隔	(v) 安放;安頓;解決(問題等)
screen	(v) 篩選;放映電影	(v) 把...分成段(或組等);將...切片	(v) 安放;安頓;解決(問題等)	(v) 分享
search	(v) 搜尋;搜查	(v) 挑選	(v) 分享	(v) 剝...的殼;砲轟;射擊
section	(v) 把...分成段(或組等);將...切片	(v) 分隔	(v) 剝...的殼;砲轟;射擊	(v) 使震動
select	(v) 挑選	(v) 安放;安頓;解決(問題等)	(v) 使震動	(v) 注射;射擊;拍攝
separate	(v) 分隔	(v) 分享	(v) 注射;射擊;拍攝	(v) 傾注;洗淋浴
settle	(v) 安放;安頓;解決(問題等)	(v) 剝...的殼;砲轟;射擊	(v) 傾注;洗淋浴	(v) 簽字;做信號
share	(v) 分享	(v) 使震動	(v) 簽字;做信號	(v) 使沈默;使啞口無言;使安靜
shell	(v) 剝...的殼;砲轟;射擊	(v) 注射;射擊;拍攝	(v) 使沈默;使啞口無言;使安靜	(v) 選出,挑出;擊出一壘安打
shock	(v) 使震動	(v) 傾注;洗淋浴	(v) 選出,挑出;擊出一壘安打	(v) 沉下;陷於
shoot	(v) 注射;射擊;拍攝	(v) 簽字;做信號	(v) 沉下;陷於	(v) 繞開,避開
shower	(v) 傾注;洗淋浴	(v) 使沈默;使啞口無言;使安靜	(v) 繞開,避開	(v) 滑壘滑動
sign	(v) 簽字;做信號	(v) 選出,挑出;擊出一壘安打	(v) 滑壘滑動	(v) 減肥;減少,縮減
silence	(v) 使沈默;使啞口無言;使安靜	(v) 沉下;陷於	(v) 減肥;減少,縮減	(v) 滑動;鬆脫
single	(v) 選出,挑出;擊出一壘安打	(v) 繞開,避開	(v) 滑動;鬆脫	(v) 吃快餐;吃點心
sink	(v) 沉下;陷於	(v) 滑壘滑動	(v) 吃快餐;吃點心	(v) 解決
skirt	(v) 繞開,避開	(v) 減肥;減少,縮減	(v) 解決	(v) 把...分類
slide	(v) 滑壘滑動	(v) 滑動;鬆脫	(v) 把...分類	(v) 加速;促進
slim	(v) 減肥;減少,縮減	(v) 吃快餐;吃點心	(v) 加速;促進	(v) 沾污;察出
slip	(v) 滑動;鬆脫	(v) 解決	(v) 沾污;察出	(v) 展開;散布
snack	(v) 吃快餐;吃點心	(v) 把...分類	(v) 展開;散布	(v) 彈開;湧現;源(於)
solve	(v) 解決	(v) 加速;促進	(v) 彈開;湧現;源(於)	(v) 上演;籌劃;發動
sort	(v) 把...分類	(v) 沾污;察出	(v) 上演;籌劃;發動	(v) 頓足;蓋印
speed	(v) 加速;促進	(v) 展開;散布	(v) 頓足;蓋印	(v) 偷竊
spot	(v) 沾污;察出	(v) 彈開;湧現;源(於)	(v) 偷竊	(v) 蒸
spread	(v) 展開;散布	(v) 上演;籌劃;發動	(v) 蒸	(v) 鋼化;給...包上鋼
spring	(v) 彈開;湧現;源(於)	(v) 頓足;蓋印	(v) 鋼化;給...包上鋼	(v) 黏貼;刺;戮;釘住;插牢;堅持
stage	(v) 上演;籌劃;發動	(v) 偷竊	(v) 黏貼;刺;戮;釘住;插牢;堅持	(v) 猛攻
stamp	(v) 頓足;蓋印	(v) 蒸	(v) 猛攻	(v) 流;蜂擁而進
steal	(v) 偷竊	(v) 鋼化;給...包上鋼	(v) 流;蜂擁而進	(v) 強調
steam	(v) 蒸	(v) 黏貼;刺;戮;釘住;插牢;堅持	(v) 強調	(v) 舒展肢體,伸懶腰
steel	(v) 鋼化;給...包上鋼	(v) 猛攻	(v) 舒展肢體,伸懶腰	(v) 打擊;(鐘)敲響
stick	(v) 黏貼;刺;戮;釘住;插牢;堅持	(v) 流;蜂擁而進	(v) 打擊;(鐘)敲響	(v) (用線,繩)縛,紮,掛
storm	(v) 猛攻	(v) 強調	(v) (用線,繩)縛,紮,掛	(v) 掙扎;對抗
stream	(v) 流;蜂擁而進	(v) 舒展肢體,伸懶腰	(v) 掙扎;對抗	(v) 減,減去
stress	(v) 強調	(v) 打擊;(鐘)敲響	(v) 減,減去	(v) 成功
stretch	(v) 舒展肢體,伸懶腰	(v) (用線,繩)縛,紮,掛	(v) 成功	(v) 適合;相稱;彼此協調
strike	(v) 打擊;(鐘)敲響	(v) 掙扎;對抗	(v) 適合;相稱;彼此協調	(v) 供給,供應
string	(v) (用線,繩)縛,紮,掛	(v) 減,減去	(v) 供給,供應	(v) 支持
struggle	(v) 掙扎;對抗	(v) 成功	(v) 支持	(v) 顯露,呈現;起床,露面
subtract	(v) 減,減去	(v) 適合;相稱;彼此協調	(v) 顯露,呈現;起床,露面	(v) 在...之後仍然活著
succeed	(v) 成功	(v) 供給,供應	(v) 在...之後仍然活著	(v) 吞嚥
suit	(v) 適合;相稱;彼此協調	(v) 支持	(v) 吞嚥	(v) 掃
supply	(v) 供給,供應	(v) 顯露,呈現;起床,露面	(v) 掃	(v) 搖擺;揮動
support	(v) 支持	(v) 在...之後仍然活著	(v) 搖擺;揮動	(v) 用帶子捆紮;用錄音帶為...錄音(或影)
surface	(v) 顯露,呈現;起床,露面	(v) 吞嚥	(v) 用帶子捆紮;用錄音帶為...錄音(或影)	(v) 把...作為目標(或對象)
survive	(v) 在...之後仍然活著	(v) 掃	(v) 把...作為目標(或對象)	(v) 派給...任務;要...做一項工作
swallow	(v) 吞嚥	(v) 搖擺;揮動	(v) 派給...任務;要...做一項工作	(v) 使合作;結成一隊
sweep	(v) 掃	(v) 用帶子捆紮;用錄音帶為...錄音(或影)	(v) 使合作;結成一隊	(v) 撕
swing	(v) 搖擺;揮動	(v) 把...作為目標(或對象)	(v) 撕	(v) 打電話,通電話
tape	(v) 用帶子捆紮;用錄音帶為...錄音(或影)	(v) 派給...任務;要...做一項工作	(v) 打電話,通電話	(v) 把...稱為,把...叫做
target	(v) 把...作為目標(或對象)	(v) 使合作;結成一隊	(v) 把...稱為,把...叫做	(v) 試驗;測驗
task	(v) 派給...任務;要...做一項工作	(v) 撕	(v) 試驗;測驗	(v) 用拇指翻動;迅速翻閱;豎起拇指要求搭車
team	(v) 使合作;結成一隊	(v) 打電話,通電話	(v) 用拇指翻動;迅速翻閱;豎起拇指要求搭車	(v) 打雷;大聲斥責;威嚇
tear	(v) 撕	(v) 把...稱為,把...叫做	(v) 打雷;大聲斥責;威嚇	(v) 給小費;使傾斜
telephone	(v) 打電話,通電話	(v) 試驗;測驗	(v) 給小費;使傾斜	(v) 加標題於;授頭銜於
term	(v) 把...稱為,把...叫做	(v) 用拇指翻動;迅速翻閱;豎起拇指要求搭車	(v) 加標題於;授頭銜於	(v) 烤;乾杯
test	(v) 試驗;測驗	(v) 打雷;大聲斥責;威嚇	(v) 烤;乾杯	(v) 用腳尖走(或站)
thumb	(v) 用拇指翻動;迅速翻閱;豎起拇指要求搭車	(v) 給小費;使傾斜	(v) 用腳尖走(或站)	(v) 舔;用舌吹(管樂器);發(音)
thunder	(v) 打雷;大聲斥責;威嚇	(v) 加標題於;授頭銜於	(v) 舔;用舌吹(管樂器);發(音)	(v) 帶...作巡迴演出
tip	(v) 給小費;使傾斜	(v) 烤;乾杯	(v) 帶...作巡迴演出	(v) 用毛巾擦
title	(v) 加標題於;授頭銜於	(v) 用腳尖走(或站)	(v) 用毛巾擦	(v) 高聳,屹立;勝過;高飛,翱翔
toast	(v) 烤;乾杯	(v) 舔;用舌吹(管樂器);發(音)	(v) 高聳,屹立;勝過;高飛,翱翔	(v) 跟蹤;沿著(道路)走
toe	(v) 用腳尖走(或站)	(v) 帶...作巡迴演出	(v) 跟蹤;沿著(道路)走	(v) 交換; 做買賣,進行交易
tongue	(v) 舔;用舌吹(管樂器);發(音)	(v) 用毛巾擦	(v) 交換; 做買賣,進行交易	(v) 在...上通行;交易,來來往往
tour	(v) 帶...作巡迴演出	(v) 高聳,屹立;勝過;高飛,翱翔	(v) 在...上通行;交易,來來往往	(v) 設陷阱
towel	(v) 用毛巾擦	(v) 跟蹤;沿著(道路)走	(v) 設陷阱	(v) 旅行
tower	(v) 高聳,屹立;勝過;高飛,翱翔	(v) 交換; 做買賣,進行交易	(v) 旅行	(v) 珍愛
track	(v) 跟蹤;沿著(道路)走	(v) 在...上通行;交易,來來往往	(v) 珍愛	(v) 對待;治療
trade	(v) 交換; 做買賣,進行交易	(v) 設陷阱	(v) 對待;治療	(v) 欺騙
traffic	(v) 在...上通行;交易,來來往往	(v) 旅行	(v) 欺騙	(v) 用卡車運送
trap	(v) 設陷阱	(v) 珍愛	(v) 用卡車運送	(v) 吹喇叭
travel	(v) 旅行	(v) 對待;治療	(v) 吹喇叭	(v) 信任
treasure	(v) 珍愛	(v) 欺騙	(v) 信任	(v) 挖掘隧道
treat	(v) 對待;治療	(v) 用卡車運送	(v) 挖掘隧道	(v) 打字
trick	(v) 欺騙	(v) 吹喇叭	(v) 打字	(v) 使成一樣;使一律化
truck	(v) 用卡車運送	(v) 信任	(v) 使成一樣;使一律化	(v) 度假
trumpet	(v) 吹喇叭	(v) 挖掘隧道	(v) 度假	(v) 估價,評價;尊重;重視
trust	(v) 信任	(v) 打字	(v) 估價,評價;尊重;重視	(v) 投票
tunnel	(v) 挖掘隧道	(v) 使成一樣;使一律化	(v) 投票	(v) 叫醒
type	(v) 打字	(v) 度假	(v) 叫醒	(v) 揮動
uniform	(v) 使成一樣;使一律化	(v) 估價,評價;尊重;重視	(v) 揮動	(v) 娶;嫁
vacation	(v) 度假	(v) 投票	(v) 娶;嫁	(v) 把...淋濕,打濕,弄濕;尿濕
value	(v) 估價,評價;尊重;重視	(v) 叫醒	(v) 把...淋濕,打濕,弄濕;尿濕	(v) 旋轉,轉動
vote	(v) 投票	(v) 揮動	(v) 旋轉,轉動	(v) 低語,耳語
wake	(v) 叫醒	(v) 娶;嫁	(v) 低語,耳語	(v) 加寬;擴大
wave	(v) 揮動	(v) 把...淋濕,打濕,弄濕;尿濕	(v) 加寬;擴大	(v) 在...裝翼;飛行
wed	(v) 娶;嫁	(v) 旋轉,轉動	(v) 在...裝翼;飛行	(v) 用金屬絲縛;拍電報
wet	(v) 把...淋濕,打濕,弄濕;尿濕	(v) 低語,耳語	(v) 用金屬絲縛;拍電報	(v) 納悶
wheel	(v) 旋轉,轉動	(v) 加寬;擴大	(v) 納悶	(v) 傷害
whisper	(v) 低語,耳語	(v) 在...裝翼;飛行	(v) 傷害	(adv.)在國外
widen	(v) 加寬;擴大	(v) 用金屬絲縛;拍電報	(adv.)在國外	(adv.)一樣地,相似地
wing	(v) 在...裝翼;飛行	(v) 納悶	(adv.)一樣地,相似地	(adv.)大聲地
wire	(v) 用金屬絲縛;拍電報	(v) 傷害	(adv.)大聲地	(adv.)完全地;總共
wonder	(v) 納悶	(adv.)在國外	(adv.)完全地;總共	(adv.)無論如何,總之
wound	(v) 傷害	(adv.)一樣地,相似地	(adv.)無論如何,總之	(adv.)任何地方(=anywhere)
abroad	(adv.)在國外	(adv.)大聲地	(adv.)任何地方(=anywhere)	(adv.)在任何時候
alike	(adv.)一樣地,相似地	(adv.)完全地;總共	(adv.)在任何時候	(adv.)不管怎樣
aloud	(adv.)大聲地	(adv.)無論如何,總之	(adv.)不管怎樣	(adv.)任何地方
altogether	(adv.)完全地;總共	(adv.)任何地方(=anywhere)	(adv.)任何地方	(adv.)向後地;落後地
anyhow	(adv.)無論如何,總之	(adv.)在任何時候	(adv.)向後地;落後地	(adv.)向後;倒,逆;往回,向原處
anyplace	(adv.)任何地方(=anywhere)	(adv.)不管怎樣	(adv.)向後;倒,逆;往回,向原處	(adv.)並且
anytime	(adv.)在任何時候	(adv.)任何地方	(adv.)並且	(adv.)在更遠處
anyway	(adv.)不管怎樣	(adv.)向後地;落後地	(adv.)在更遠處	(adv.)便宜地;卑鄙地
anywhere	(adv.)任何地方	(adv.)向後;倒,逆;往回,向原處	(adv.)便宜地;卑鄙地	(adv.)每日
backward	(adv.)向後地;落後地	(adv.)並且	(adv.)每日	(adv.)雙倍地;加倍地;雙重地
backwards	(adv.)向後;倒,逆;往回,向原處	(adv.)在更遠處	(adv.)雙倍地;加倍地;雙重地	(adv.)往城市商業區
besides	(adv.)並且	(adv.)便宜地;卑鄙地	(adv.)往城市商業區	(adv.)特別地
beyond	(adv.)在更遠處	(adv.)每日	(adv.)特別地	(adv.)用快遞;由直達快車;特意地
cheap	(adv.)便宜地;卑鄙地	(adv.)雙倍地;加倍地;雙重地	(adv.)用快遞;由直達快車;特意地	(adv.)額外地;另外;特別地,非常地
daily	(adv.)每日	(adv.)往城市商業區	(adv.)額外地;另外;特別地,非常地	(adv.)公平地,公正地;正面地
double	(adv.)雙倍地;加倍地;雙重地	(adv.)特別地	(adv.)公平地,公正地;正面地	(adv.)穩固地;牢固地
downtown	(adv.)往城市商業區	(adv.)用快遞;由直達快車;特意地	(adv.)穩固地;牢固地	(adv.)平直地,仰臥地;恰恰,正好;斷然地
especially	(adv.)特別地	(adv.)額外地;另外;特別地,非常地	(adv.)平直地,仰臥地;恰恰,正好;斷然地	(adv.)向前地
express	(adv.)用快遞;由直達快車;特意地	(adv.)公平地,公正地;正面地	(adv.)向前地	(adv.)向前;往後,今後;提前地
extra	(adv.)額外地;另外;特別地,非常地	(adv.)穩固地;牢固地	(adv.)向前;往後,今後;提前地	(adv.)而且;再者
fair	(adv.)公平地,公正地;正面地	(adv.)平直地,仰臥地;恰恰,正好;斷然地	(adv.)而且;再者	(adv.)幾乎不,簡直不
firm	(adv.)穩固地;牢固地	(adv.)向前地	(adv.)幾乎不,簡直不	(adv.)無論如何,不管怎樣
flat	(adv.)平直地,仰臥地;恰恰,正好;斷然地	(adv.)向前;往後,今後;提前地	(adv.)無論如何,不管怎樣	(adv.)惡劣地;困難地;不利地
forward	(adv.)向前地	(adv.)而且;再者	(adv.)惡劣地;困難地;不利地	(adv.)漸增地
forwards	(adv.)向前;往後,今後;提前地	(adv.)幾乎不,簡直不	(adv.)漸增地	(adv.)在附近
further	(adv.)而且;再者	(adv.)無論如何,不管怎樣	(adv.)在附近	(adv.)幾乎,差不多;密切地,親密地
hardly	(adv.)幾乎不,簡直不	(adv.)惡劣地;困難地;不利地	(adv.)幾乎,差不多;密切地,親密地	(adv.)也不
however	(adv.)無論如何,不管怎樣	(adv.)漸增地	(adv.)也不	(adv.)毫不,決不
ill	(adv.)惡劣地;困難地;不利地	(adv.)在附近	(adv.)毫不,決不	(adv.)在海外
increasingly	(adv.)漸增地	(adv.)幾乎,差不多;密切地,親密地	(adv.)在海外	(adv.)寧可;頗為
nearby	(adv.)在附近	(adv.)也不	(adv.)寧可;頗為	(adv.)簡單地,簡易地;簡明地;只不過
nearly	(adv.)幾乎,差不多;密切地,親密地	(adv.)毫不,決不	(adv.)簡單地,簡易地;簡明地;只不過	(adv.)在某處
neither	(adv.)也不	(adv.)在海外	(adv.)在某處	(adv.)直,挺直地;正直地;立刻
none	(adv.)毫不,決不	(adv.)寧可;頗為	(adv.)直,挺直地;正直地;立刻	(adv.)因此
overseas	(adv.)在海外	(adv.)簡單地,簡易地;簡明地;只不過	(adv.)因此	(adv.)穿過,通過;從頭至尾;(電話)接通
rather	(adv.)寧可;頗為	(adv.)在某處	(adv.)穿過,通過;從頭至尾;(電話)接通	(adv.)處處;始終;在所有方面
simply	(adv.)簡單地,簡易地;簡明地;只不過	(adv.)直,挺直地;正直地;立刻	(adv.)處處;始終;在所有方面	(adv.)無論什麼時候
somewhere	(adv.)在某處	(adv.)因此	(adv.)無論什麼時候	(adv.)無論什麼地方
straight	(adv.)直,挺直地;正直地;立刻	(adv.)穿過,通過;從頭至尾;(電話)接通	(adv.)無論什麼地方	(adv.)狂暴地;無控制地;胡亂地
therefore	(adv.)因此	(adv.)處處;始終;在所有方面	(adv.)狂暴地;無控制地;胡亂地	(adv.)在內部
through	(adv.)穿過,通過;從頭至尾;(電話)接通	(adv.)無論什麼時候	(adv.)在內部	(adv.)在沒有(或缺少)的情況下
throughout	(adv.)處處;始終;在所有方面	(adv.)無論什麼地方	(adv.)在沒有(或缺少)的情況下	(prep.)除...之外
whenever	(adv.)無論什麼時候	(adv.)狂暴地;無控制地;胡亂地	(prep.)除...之外	(prep.)越出;晚於;在...那一邊
wherever	(adv.)無論什麼地方	(adv.)在內部	(prep.)越出;晚於;在...那一邊	(prep.)在...以後
wild	(adv.)狂暴地;無控制地;胡亂地	(adv.)在沒有(或缺少)的情況下	(prep.)在...以後	(prep.)減（去）
within	(adv.)在內部	(prep.)除...之外	(prep.)減（去）	(prep.)經,由;每;按照
without	(adv.)在沒有(或缺少)的情況下	(prep.)越出;晚於;在...那一邊	(prep.)經,由;每;按照	(prep.)加(上)
besides	(prep.)除...之外	(prep.)在...以後	(prep.)加(上)	(prep.)經過
beyond	(prep.)越出;晚於;在...那一邊	(prep.)減（去）	(prep.)經過	(prep.)遍及
following	(prep.)在...以後	(prep.)經,由;每;按照	(prep.)遍及	(prep.)在...之上
minus	(prep.)減（去）	(prep.)加(上)	(prep.)在...之上	(prep.)在…裡; 不超過
per	(prep.)經,由;每;按照	(prep.)經過	(prep.)在…裡; 不超過	(prep.)沒有
plus	(prep.)加(上)	(prep.)遍及	(prep.)沒有	(prep.)值得(做...)
through	(prep.)經過	(prep.)在...之上	(prep.)值得(做...)	(conj.)雖然
throughout	(prep.)遍及	(prep.)在…裡; 不超過	(conj.)雖然	(conj.)也不
upon	(prep.)在...之上	(prep.)沒有	(conj.)也不	(conj.)無論什麼時候;每當
within	(prep.)在…裡; 不超過	(prep.)值得(做...)	(conj.)無論什麼時候;每當	(conj.)無論在哪裡
without	(prep.)沒有	(conj.)雖然	(conj.)無論在哪裡	(n) 能力;專門技能
worth	(prep.)值得(做...)	(conj.)也不	(n) 能力;專門技能	(n) 缺席
although	(conj.)雖然	(conj.)無論什麼時候;每當	(n) 缺席	(n) 加;附加
neither	(conj.)也不	(conj.)無論在哪裡	(n) 加;附加	(n) 前進;發展;預付
whenever	(conj.)無論什麼時候;每當	(n) 能力;專門技能	(n) 前進;發展;預付	(n) 事件;風流韻事;喜慶活動
wherever	(conj.)無論在哪裡	(n) 缺席	(n) 事件;風流韻事;喜慶活動	(n) 幫助;助手;助聽器
ability	(n) 能力;專門技能	(n) 加;附加	(n) 幫助;助手;助聽器	(n) 目標,目的
absence	(n) 缺席	(n) 前進;發展;預付	(n) 目標,目的	(n) 航空器;飛機
addition	(n) 加;附加	(n) 事件;風流韻事;喜慶活動	(n) 航空器;飛機	(n) 航空公司
advance	(n) 前進;發展;預付	(n) 幫助;助手;助聽器	(n) 航空公司	(n) 警鈴;警報;驚慌
affair	(n) 事件;風流韻事;喜慶活動	(n) 目標,目的	(n) 警鈴;警報;驚慌	(n) 相簿;集郵簿;唱片集
aid	(n) 幫助;助手;助聽器	(n) 航空器;飛機	(n) 相簿;集郵簿;唱片集	(n) 杏仁
aim	(n) 目標,目的	(n) 航空公司	(n) 杏仁	(n) 字母
aircraft	(n) 航空器;飛機	(n) 警鈴;警報;驚慌	(n) 字母	(n) 總數
airline	(n) 航空公司	(n) 相簿;集郵簿;唱片集	(n) 總數	(n) 腳踝
alarm	(n) 警鈴;警報;驚慌	(n) 杏仁	(n) 腳踝	(n) 公寓
album	(n) 相簿;集郵簿;唱片集	(n) 字母	(n) 公寓	(n) 出現;顯露;外貌
almond	(n) 杏仁	(n) 總數	(n) 出現;顯露;外貌	(n) 胃口,食慾
alphabet	(n) 字母	(n) 腳踝	(n) 胃口,食慾	(n) 圍裙;工作裙
amount	(n) 總數	(n) 公寓	(n) 圍裙;工作裙	(n) 爭論
ankle	(n) 腳踝	(n) 出現;顯露;外貌	(n) 爭論	(n) 扶手椅子
apartment	(n) 公寓	(n) 胃口,食慾	(n) 扶手椅子	(n) 安排;準備工作
appearance	(n) 出現;顯露;外貌	(n) 圍裙;工作裙	(n) 安排;準備工作	(n) 逮捕;遏止
appetite	(n) 胃口,食慾	(n) 爭論	(n) 逮捕;遏止	(n) 箭;箭號
apron	(n) 圍裙;工作裙	(n) 扶手椅子	(n) 箭;箭號	(n) 藝術家
argument	(n) 爭論	(n) 安排;準備工作	(n) 藝術家	(n) 助手
armchair	(n) 扶手椅子	(n) 逮捕;遏止	(n) 助手	(n) 攻擊
arrangement	(n) 安排;準備工作	(n) 箭;箭號	(n) 攻擊	(n) 注意;專心
arrest	(n) 逮捕;遏止	(n) 藝術家	(n) 注意;專心	(n) 保姆
arrow	(n) 箭;箭號	(n) 助手	(n) 保姆	(n) 麵包店
artist	(n) 藝術家	(n) 攻擊	(n) 麵包店	(n) 陽臺
assistant	(n) 助手	(n) 注意;專心	(n) 陽臺	(n) 竹子
attack	(n) 攻擊	(n) 保姆	(n) 竹子	(n) 銀行家;莊家
attention	(n) 注意;專心	(n) 麵包店	(n) 銀行家;莊家	(n) 烤肉
baby-sitter	(n) 保姆	(n) 陽臺	(n) 烤肉	(n) 吠聲
bakery	(n) 麵包店	(n) 竹子	(n) 吠聲	(n) 地下室
balcony	(n) 陽臺	(n) 銀行家;莊家	(n) 地下室	(n) 基礎;基本原理(或原則)
bamboo	(n) 竹子	(n) 烤肉	(n) 基礎;基本原理(或原則)	(n) 基礎
banker	(n) 銀行家;莊家	(n) 吠聲	(n) 基礎	(n) 戰鬥;戰役
barbecue	(n) 烤肉	(n) 地下室	(n) 戰鬥;戰役	(n) 有孔小珠
bark	(n) 吠聲	(n) 基礎;基本原理(或原則)	(n) 有孔小珠	(n) 豆莢;豆子
basement	(n) 地下室	(n) 基礎	(n) 豆莢;豆子	(n) 鬍子
basics	(n) 基礎;基本原理(或原則)	(n) 戰鬥;戰役	(n) 鬍子	(n) 臥房
basis	(n) 基礎	(n) 有孔小珠	(n) 臥房	(n) 牛肉
battle	(n) 戰鬥;戰役	(n) 豆莢;豆子	(n) 牛肉	(n) 嗶嗶的聲音
bead	(n) 有孔小珠	(n) 鬍子	(n) 嗶嗶的聲音	(n) 啤酒
bean	(n) 豆莢;豆子	(n) 臥房	(n) 啤酒	(n) 甲蟲
beard	(n) 鬍子	(n) 牛肉	(n) 甲蟲	(n) 新手
bedroom	(n) 臥房	(n) 嗶嗶的聲音	(n) 新手	(n) 相信;信仰
beef	(n) 牛肉	(n) 啤酒	(n) 相信;信仰	(n) 腰帶
beep	(n) 嗶嗶的聲音	(n) 甲蟲	(n) 腰帶	(n) 長凳;長椅
beer	(n) 啤酒	(n) 新手	(n) 長凳;長椅	(n) 彎;曲;俯
beetle	(n) 甲蟲	(n) 相信;信仰	(n) 彎;曲;俯	(n) 打賭
beginner	(n) 新手	(n) 腰帶	(n) 打賭	(n) 帳單; 鈔票
belief	(n) 相信;信仰	(n) 長凳;長椅	(n) 帳單; 鈔票	(n) 黑板
belt	(n) 腰帶	(n) 彎;曲;俯	(n) 黑板	(n) 空白
bench	(n) 長凳;長椅	(n) 打賭	(n) 空白	(n) 木板;膳食;車上;船上; 董事會
bend	(n) 彎;曲;俯	(n) 帳單; 鈔票	(n) 木板;膳食;車上;船上; 董事會	(n) 沸騰;煮沸;翻滾
bet	(n) 打賭	(n) 黑板	(n) 沸騰;煮沸;翻滾	(n) 炸彈
bill	(n) 帳單; 鈔票	(n) 空白	(n) 炸彈	(n) 書架
blackboard	(n) 黑板	(n) 木板;膳食;車上;船上; 董事會	(n) 書架	(n) 老闆
blank	(n) 空白	(n) 沸騰;煮沸;翻滾	(n) 老闆	(n) 煩惱,麻煩;使人煩惱的人(或事物)
board	(n) 木板;膳食;車上;船上; 董事會	(n) 炸彈	(n) 煩惱,麻煩;使人煩惱的人(或事物)	(n) 瓶子
boil	(n) 沸騰;煮沸;翻滾	(n) 書架	(n) 瓶子	(n) 弓
bomb	(n) 炸彈	(n) 老闆	(n) 弓	(n) 保齡球戲
bookcase	(n) 書架	(n) 煩惱,麻煩;使人煩惱的人(或事物)	(n) 保齡球戲	(n) 腦;智力,頭腦
boss	(n) 老闆	(n) 瓶子	(n) 腦;智力,頭腦	(n) 樹枝;支部
bother	(n) 煩惱,麻煩;使人煩惱的人(或事物)	(n) 弓	(n) 樹枝;支部	(n) 商標
bottle	(n) 瓶子	(n) 保齡球戲	(n) 商標	(n) 磚塊
bow	(n) 弓	(n) 腦;智力,頭腦	(n) 磚塊	(n) 概要;訴書;短而緊的內褲;簡報
bowling	(n) 保齡球戲	(n) 樹枝;支部	(n) 概要;訴書;短而緊的內褲;簡報	(n) 廣播;廣播節目;散佈;播種
brain	(n) 腦;智力,頭腦	(n) 商標	(n) 廣播;廣播節目;散佈;播種	(n) 早午餐
branch	(n) 樹枝;支部	(n) 磚塊	(n) 早午餐	(n) 刷子
brand	(n) 商標	(n) 概要;訴書;短而緊的內褲;簡報	(n) 刷子	(n) 小圓麵包
brick	(n) 磚塊	(n) 廣播;廣播節目;散佈;播種	(n) 小圓麵包	(n) 捆;大量
brief	(n) 概要;訴書;短而緊的內褲;簡報	(n) 早午餐	(n) 捆;大量	(n) 漢堡牛肉餅
broadcast	(n) 廣播;廣播節目;散佈;播種	(n) 刷子	(n) 漢堡牛肉餅	(n) 灼傷
brunch	(n) 早午餐	(n) 小圓麵包	(n) 灼傷	(n) 爆炸;破裂;缺口
brush	(n) 刷子	(n) 捆;大量	(n) 爆炸;破裂;缺口	(n) 商業;事
bun	(n) 小圓麵包	(n) 漢堡牛肉餅	(n) 商業;事	(n) 鈕扣
bundle	(n) 捆;大量	(n) 灼傷	(n) 鈕扣	(n) 包心菜
burger	(n) 漢堡牛肉餅	(n) 爆炸;破裂;缺口	(n) 包心菜	(n) 纜索;有線電視
burn	(n) 灼傷	(n) 商業;事	(n) 纜索;有線電視	(n) 小餐館;咖啡廳
burst	(n) 爆炸;破裂;缺口	(n) 鈕扣	(n) 小餐館;咖啡廳	(n) 自助餐館
business	(n) 商業;事	(n) 包心菜	(n) 自助餐館	(n) 日曆;月曆;行事曆
button	(n) 鈕扣	(n) 纜索;有線電視	(n) 日曆;月曆;行事曆	(n) 安靜;鎮定;平靜;無風
cabbage	(n) 包心菜	(n) 小餐館;咖啡廳	(n) 安靜;鎮定;平靜;無風	(n) 癌症
cable	(n) 纜索;有線電視	(n) 自助餐館	(n) 癌症	(n) 蠟燭
café	(n) 小餐館;咖啡廳	(n) 日曆;月曆;行事曆	(n) 蠟燭	(n) 隊長;機長;艦長
cafeteria	(n) 自助餐館	(n) 安靜;鎮定;平靜;無風	(n) 隊長;機長;艦長	(n) 地毯
calendar	(n) 日曆;月曆;行事曆	(n) 癌症	(n) 地毯	(n) 胡蘿蔔
calm	(n) 安靜;鎮定;平靜;無風	(n) 蠟燭	(n) 胡蘿蔔	(n) 手推車
cancer	(n) 癌症	(n) 隊長;機長;艦長	(n) 手推車	(n) 卡通
candle	(n) 蠟燭	(n) 地毯	(n) 卡通	(n) 現款
captain	(n) 隊長;機長;艦長	(n) 胡蘿蔔	(n) 現款	(n) 卡式磁帶
carpet	(n) 地毯	(n) 手推車	(n) 卡式磁帶	(n) 城堡
carrot	(n) 胡蘿蔔	(n) 卡通	(n) 城堡	(n) 果醬;番茄醬
cart	(n) 手推車	(n) 現款	(n) 果醬;番茄醬	(n) 洞穴,洞窟
cartoon	(n) 卡通	(n) 卡式磁帶	(n) 洞穴,洞窟	(n) 天花板
cash	(n) 現款	(n) 城堡	(n) 天花板	(n) 單人牢房;細胞;蜂房的巢室;電池
cassette	(n) 卡式磁帶	(n) 果醬;番茄醬	(n) 單人牢房;細胞;蜂房的巢室;電池	(n) 一世紀
castle	(n) 城堡	(n) 洞穴,洞窟	(n) 一世紀	(n) 麥片
catsup	(n) 果醬;番茄醬	(n) 天花板	(n) 麥片	(n) 粉筆
cave	(n) 洞穴,洞窟	(n) 單人牢房;細胞;蜂房的巢室;電池	(n) 粉筆	(n) 零錢
ceiling	(n) 天花板	(n) 一世紀	(n) 零錢	(n) 費用;充電
cell	(n) 單人牢房;細胞;蜂房的巢室;電池	(n) 麥片	(n) 費用;充電	(n) 騙子;欺詐,欺騙,作弊
century	(n) 一世紀	(n) 粉筆	(n) 騙子;欺詐,欺騙,作弊	(n) 化學製品;化學藥品
cereal	(n) 麥片	(n) 零錢	(n) 化學製品;化學藥品	(n) 西洋棋
chalk	(n) 粉筆	(n) 費用;充電	(n) 西洋棋	(n) 下巴
change	(n) 零錢	(n) 騙子;欺詐,欺騙,作弊	(n) 下巴	(n) 巧克力
charge	(n) 費用;充電	(n) 化學製品;化學藥品	(n) 巧克力	(n) 選擇
cheat	(n) 騙子;欺詐,欺騙,作弊	(n) 西洋棋	(n) 選擇	(n) 筷子
chemical	(n) 化學製品;化學藥品	(n) 下巴	(n) 筷子	(n) 圓圈;集團
chess	(n) 西洋棋	(n) 巧克力	(n) 圓圈;集團	(n) 市民;公民
chin	(n) 下巴	(n) 選擇	(n) 市民;公民	(n) 主張,斷言
chocolate	(n) 巧克力	(n) 筷子	(n) 主張,斷言	(n) 拍手喝采(聲);霹靂聲;輕拍
choice	(n) 選擇	(n) 圓圈;集團	(n) 拍手喝采(聲);霹靂聲;輕拍	(n) 古典著作
chopstick	(n) 筷子	(n) 市民;公民	(n) 古典著作	(n) (動物的)爪,腳爪;(蟹,蝦等的)鉗,螯
circle	(n) 圓圈;集團	(n) 主張,斷言	(n) (動物的)爪,腳爪;(蟹,蝦等的)鉗,螯	(n) 黏土
citizen	(n) 市民;公民	(n) 拍手喝采(聲);霹靂聲;輕拍	(n) 黏土	(n) 清潔工;乾洗店;吸塵器;清潔劑
claim	(n) 主張,斷言	(n) 古典著作	(n) 清潔工;乾洗店;吸塵器;清潔劑	(n) 店員;辦事員;職員
clap	(n) 拍手喝采(聲);霹靂聲;輕拍	(n) (動物的)爪,腳爪;(蟹,蝦等的)鉗,螯	(n) 店員;辦事員;職員	(n) 氣候
classic	(n) 古典著作	(n) 黏土	(n) 氣候	(n) 壁櫥;衣櫥
claw	(n) (動物的)爪,腳爪;(蟹,蝦等的)鉗,螯	(n) 清潔工;乾洗店;吸塵器;清潔劑	(n) 壁櫥;衣櫥	(n) 布;(棉,毛,合成纖維等)織物;衣料
clay	(n) 黏土	(n) 店員;辦事員;職員	(n) 布;(棉,毛,合成纖維等)織物;衣料	(n) 衣服
cleaner	(n) 清潔工;乾洗店;吸塵器;清潔劑	(n) 氣候	(n) 衣服	(n) (總稱)衣服,衣著
clerk	(n) 店員;辦事員;職員	(n) 壁櫥;衣櫥	(n) (總稱)衣服,衣著	(n) 小丑,丑角
climate	(n) 氣候	(n) 布;(棉,毛,合成纖維等)織物;衣料	(n) 小丑,丑角	(n) 俱樂部;夜總會;社團
closet	(n) 壁櫥;衣櫥	(n) 衣服	(n) 俱樂部;夜總會;社團	(n) 教練
cloth	(n) 布;(棉,毛,合成纖維等)織物;衣料	(n) (總稱)衣服,衣著	(n) 教練	(n) 煤
clothes	(n) 衣服	(n) 小丑,丑角	(n) 煤	(n) 公雞
clothing	(n) (總稱)衣服,衣著	(n) 俱樂部;夜總會;社團	(n) 公雞	(n) 蟑螂
clown	(n) 小丑,丑角	(n) 教練	(n) 蟑螂	(n) 硬幣
club	(n) 俱樂部;夜總會;社團	(n) 煤	(n) 硬幣	(n) 梳子
coach	(n) 教練	(n) 公雞	(n) 梳子	(n) 公司
coal	(n) 煤	(n) 蟑螂	(n) 公司	(n) 完成,實現
cock	(n) 公雞	(n) 硬幣	(n) 完成,實現	(n) 電腦
cockroach	(n) 蟑螂	(n) 梳子	(n) 電腦	(n) 抵觸,不一致
coin	(n) 硬幣	(n) 公司	(n) 抵觸,不一致	(n) 孔子
comb	(n) 梳子	(n) 完成,實現	(n) 孔子	(n) 祝賀
company	(n) 公司	(n) 電腦	(n) 祝賀	(n) 接觸;隱形眼鏡
completion	(n) 完成,實現	(n) 抵觸,不一致	(n) 接觸;隱形眼鏡	(n) 支配;控制;操縱裝置;指揮部
computer	(n) 電腦	(n) 孔子	(n) 支配;控制;操縱裝置;指揮部	(n) 主計官;主管;控制器
conflict	(n) 抵觸,不一致	(n) 祝賀	(n) 主計官;主管;控制器	(n) 會話
Confucius	(n) 孔子	(n) 接觸;隱形眼鏡	(n) 會話	(n) 炊具,烹調器具
congratulation	(n) 祝賀	(n) 支配;控制;操縱裝置;指揮部	(n) 炊具,烹調器具	(n) 拷貝;副本
contact	(n) 接觸;隱形眼鏡	(n) 主計官;主管;控制器	(n) 拷貝;副本	(n) 角落
control	(n) 支配;控制;操縱裝置;指揮部	(n) 會話	(n) 角落	(n) 棉花
controller	(n) 主計官;主管;控制器	(n) 炊具,烹調器具	(n) 棉花	(n) 咳嗽
conversation	(n) 會話	(n) 拷貝;副本	(n) 咳嗽	(n) 鄉間,農村
cooker	(n) 炊具,烹調器具	(n) 角落	(n) 鄉間,農村	(n) 郡
copy	(n) 拷貝;副本	(n) 棉花	(n) 郡	(n) 一對
corner	(n) 角落	(n) 咳嗽	(n) 一對	(n) 勇氣
cotton	(n) 棉花	(n) 鄉間,農村	(n) 勇氣	(n) 法庭；(網球等的)場地
cough	(n) 咳嗽	(n) 郡	(n) 法庭；(網球等的)場地	(n) 表(堂)兄弟姊妹
countryside	(n) 鄉間,農村	(n) 一對	(n) 表(堂)兄弟姊妹	(n) 螃蟹
county	(n) 郡	(n) 勇氣	(n) 螃蟹	(n) 起重機,吊車
couple	(n) 一對	(n) 法庭；(網球等的)場地	(n) 起重機,吊車	(n) 奶油
courage	(n) 勇氣	(n) 表(堂)兄弟姊妹	(n) 奶油	(n) 犯罪
court	(n) 法庭；(網球等的)場地	(n) 螃蟹	(n) 犯罪	(n) 危機;緊急關頭
cousin	(n) 表(堂)兄弟姊妹	(n) 起重機,吊車	(n) 危機;緊急關頭	(n) 作物
crab	(n) 螃蟹	(n) 奶油	(n) 作物	(n) 十字架
crane	(n) 起重機,吊車	(n) 犯罪	(n) 十字架	(n) 群眾
cream	(n) 奶油	(n) 危機;緊急關頭	(n) 群眾	(n) 文化
crime	(n) 犯罪	(n) 作物	(n) 文化	(n) 痊癒
crisis	(n) 危機;緊急關頭	(n) 十字架	(n) 痊癒	(n) 窗簾;(舞臺上的)幕
crop	(n) 作物	(n) 群眾	(n) 窗簾;(舞臺上的)幕	(n) 習俗
cross	(n) 十字架	(n) 文化	(n) 習俗	(n) 顧客
crowd	(n) 群眾	(n) 痊癒	(n) 顧客	(n) 日報
culture	(n) 文化	(n) 窗簾;(舞臺上的)幕	(n) 日報	(n) 損害
cure	(n) 痊癒	(n) 習俗	(n) 損害	(n) 資料,數據
curtain	(n) 窗簾;(舞臺上的)幕	(n) 顧客	(n) 資料,數據	(n) 黎明
custom	(n) 習俗	(n) 日報	(n) 黎明	(n) 辯論
customer	(n) 顧客	(n) 損害	(n) 辯論	(n) 債,借款
daily	(n) 日報	(n) 資料,數據	(n) 債,借款	(n) 決定
damage	(n) 損害	(n) 黎明	(n) 決定	(n) 程度
data	(n) 資料,數據	(n) 辯論	(n) 程度	(n) 延遲;耽擱
dawn	(n) 黎明	(n) 債,借款	(n) 延遲;耽擱	(n) 牙醫
debate	(n) 辯論	(n) 決定	(n) 牙醫	(n) 部門
debt	(n) 債,借款	(n) 程度	(n) 部門	(n) 深度,厚度
decision	(n) 決定	(n) 延遲;耽擱	(n) 深度,厚度	(n) 沙漠;(常複數)賞罰;(尤指)懲罰
degree	(n) 程度	(n) 牙醫	(n) 沙漠;(常複數)賞罰;(尤指)懲罰	(n) 圖案;設計
delay	(n) 延遲;耽擱	(n) 部門	(n) 圖案;設計	(n) 渴望
dentist	(n) 牙醫	(n) 深度,厚度	(n) 渴望	(n) 餐後甜點
department	(n) 部門	(n) 沙漠;(常複數)賞罰;(尤指)懲罰	(n) 餐後甜點	(n) 生長;發展
depth	(n) 深度,厚度	(n) 圖案;設計	(n) 生長;發展	(n) 露水;朝氣
desert	(n) 沙漠;(常複數)賞罰;(尤指)懲罰	(n) 渴望	(n) 露水;朝氣	(n) 刻度盤;調節器;撥號盤
design	(n) 圖案;設計	(n) 餐後甜點	(n) 刻度盤;調節器;撥號盤	(n) 鑽石
desire	(n) 渴望	(n) 生長;發展	(n) 鑽石	(n) 日記
dessert	(n) 餐後甜點	(n) 露水;朝氣	(n) 日記	(n) 字典
development	(n) 生長;發展	(n) 刻度盤;調節器;撥號盤	(n) 字典	(n) 差別
dew	(n) 露水;朝氣	(n) 鑽石	(n) 差別	(n) 困難
dial	(n) 刻度盤;調節器;撥號盤	(n) 日記	(n) 困難	(n) 恐龍
diamond	(n) 鑽石	(n) 字典	(n) 恐龍	(n) 方向; 指示
diary	(n) 日記	(n) 差別	(n) 方向; 指示	(n) 董事;局長;主任;導演
dictionary	(n) 字典	(n) 困難	(n) 董事;局長;主任;導演	(n) 意見不一;不一致
difference	(n) 差別	(n) 恐龍	(n) 意見不一;不一致	(n) 討論
difficulty	(n) 困難	(n) 方向; 指示	(n) 討論	(n) 展覽,陳列
dinosaur	(n) 恐龍	(n) 董事;局長;主任;導演	(n) 展覽,陳列	(n) 距離
direction	(n) 方向; 指示	(n) 意見不一;不一致	(n) 距離	(n) 分歧,不和;分水嶺
director	(n) 董事;局長;主任;導演	(n) 討論	(n) 分歧,不和;分水嶺	(n) 區域;部分;除(法)
disagreement	(n) 意見不一;不一致	(n) 展覽,陳列	(n) 區域;部分;除(法)	(n) 海豚
discussion	(n) 討論	(n) 距離	(n) 海豚	(n) 驢子
display	(n) 展覽,陳列	(n) 分歧,不和;分水嶺	(n) 驢子	(n) 點;小圓點
distance	(n) 距離	(n) 區域;部分;除(法)	(n) 點;小圓點	(n) 兩倍
divide	(n) 分歧,不和;分水嶺	(n) 海豚	(n) 兩倍	(n) 懷疑
division	(n) 區域;部分;除(法)	(n) 驢子	(n) 懷疑	(n) 油炸圈餅
dolphin	(n) 海豚	(n) 點;小圓點	(n) 油炸圈餅	(n) 城市商業區
donkey	(n) 驢子	(n) 兩倍	(n) 城市商業區	(n) 拖曳
dot	(n) 點;小圓點	(n) 懷疑	(n) 拖曳	(n) 龍
double	(n) 兩倍	(n) 油炸圈餅	(n) 龍	(n) 蜻蜓
doubt	(n) 懷疑	(n) 城市商業區	(n) 蜻蜓	(n) 戲劇
doughnut	(n) 油炸圈餅	(n) 拖曳	(n) 戲劇	(n) 抽屜
downtown	(n) 城市商業區	(n) 龍	(n) 抽屜	(n) 描繪,素描;製圖;抽籤;提款
drag	(n) 拖曳	(n) 蜻蜓	(n) 描繪,素描;製圖;抽籤;提款	(n) 洋裝
dragon	(n) 龍	(n) 戲劇	(n) 洋裝	(n) (一)滴;點滴;空投;點藥水
dragonfly	(n) 蜻蜓	(n) 抽屜	(n) (一)滴;點滴;空投;點藥水	(n) 藥品;毒品
drama	(n) 戲劇	(n) 描繪,素描;製圖;抽籤;提款	(n) 藥品;毒品	(n) (常兼售雜貨的)藥房
drawer	(n) 抽屜	(n) 洋裝	(n) (常兼售雜貨的)藥房	(n) 鼓
drawing	(n) 描繪,素描;製圖;抽籤;提款	(n) (一)滴;點滴;空投;點藥水	(n) 鼓	(n) 烘衣機
dress	(n) 洋裝	(n) 藥品;毒品	(n) 烘衣機	(n) 餃子
drop	(n) (一)滴;點滴;空投;點藥水	(n) (常兼售雜貨的)藥房	(n) 餃子	(n) 義務;關稅
drug	(n) 藥品;毒品	(n) 鼓	(n) 義務;關稅	(n) 地震
drugstore	(n) (常兼售雜貨的)藥房	(n) 烘衣機	(n) 地震	(n) 教育
drum	(n) 鼓	(n) 餃子	(n) 教育	(n) 效力;作用
dryer	(n) 烘衣機	(n) 義務;關稅	(n) 效力;作用	(n) 努力
dumpling	(n) 餃子	(n) 地震	(n) 努力	(n) 長輩
duty	(n) 義務;關稅	(n) 教育	(n) 長輩	(n) 要素,成分
earthquake	(n) 地震	(n) 效力;作用	(n) 要素,成分	(n) 電梯;升降機
education	(n) 教育	(n) 努力	(n) 電梯;升降機	(n) 情緒
effect	(n) 效力;作用	(n) 長輩	(n) 情緒	(n) 鼓勵;獎勵;促進
effort	(n) 努力	(n) 要素,成分	(n) 鼓勵;獎勵;促進	(n) 結局,結尾;終結;字尾
elder	(n) 長輩	(n) 電梯;升降機	(n) 結局,結尾;終結;字尾	(n) 敵人
element	(n) 要素,成分	(n) 情緒	(n) 敵人	(n) 精力;能量
elevator	(n) 電梯;升降機	(n) 鼓勵;獎勵;促進	(n) 精力;能量	(n) 樂趣,享受
emotion	(n) 情緒	(n) 結局,結尾;終結;字尾	(n) 樂趣,享受	(n) 入口
encouragement	(n) 鼓勵;獎勵;促進	(n) 敵人	(n) 入口	(n) 信封
ending	(n) 結局,結尾;終結;字尾	(n) 精力;能量	(n) 信封	(n) 環境
enemy	(n) 敵人	(n) 樂趣,享受	(n) 環境	(n) 橡皮擦
energy	(n) 精力;能量	(n) 入口	(n) 橡皮擦	(n) 錯誤
enjoyment	(n) 樂趣,享受	(n) 信封	(n) 錯誤	(n) 事件
entrance	(n) 入口	(n) 環境	(n) 事件	(n) 刺激;興奮,激動
envelope	(n) 信封	(n) 橡皮擦	(n) 刺激;興奮,激動	(n) 藉口
environment	(n) 環境	(n) 錯誤	(n) 藉口	(n) 運動;習題
eraser	(n) 橡皮擦	(n) 事件	(n) 運動;習題	(n) 經驗
error	(n) 錯誤	(n) 刺激;興奮,激動	(n) 經驗	(n) 專家;能手
event	(n) 事件	(n) 藉口	(n) 專家;能手	(n) 快車;快遞;快運
excitement	(n) 刺激;興奮,激動	(n) 運動;習題	(n) 快車;快遞;快運	(n) 附加的人物或錢;號外
excuse	(n) 藉口	(n) 經驗	(n) 附加的人物或錢;號外	(n) 眉,眉毛
exercise	(n) 運動;習題	(n) 專家;能手	(n) 眉,眉毛	(n) 不及格
experience	(n) 經驗	(n) 快車;快遞;快運	(n) 不及格	(n) 失敗
expert	(n) 專家;能手	(n) 附加的人物或錢;號外	(n) 失敗	(n) 商品展覽會
express	(n) 快車;快遞;快運	(n) 眉,眉毛	(n) 商品展覽會	(n) 過錯
extra	(n) 附加的人物或錢;號外	(n) 不及格	(n) 過錯	(n) 偏愛;偏袒
eyebrow	(n) 眉,眉毛	(n) 失敗	(n) 偏愛;偏袒	(n) 特別喜愛的人(或物)
fail	(n) 不及格	(n) 商品展覽會	(n) 特別喜愛的人(或物)	(n) 費用
failure	(n) 失敗	(n) 過錯	(n) 費用	(n) 伙伴;同事
fair	(n) 商品展覽會	(n) 偏愛;偏袒	(n) 伙伴;同事	(n) 雌性動物
fault	(n) 過錯	(n) 特別喜愛的人(或物)	(n) 雌性動物	(n) 柵欄;籬笆
favor	(n) 偏愛;偏袒	(n) 費用	(n) 柵欄;籬笆	(n) 節日
favorite	(n) 特別喜愛的人(或物)	(n) 伙伴;同事	(n) 節日	(n) 發燒
fee	(n) 費用	(n) 雌性動物	(n) 發燒	(n) 原野;田賽場地;野外
fellow	(n) 伙伴;同事	(n) 柵欄;籬笆	(n) 原野;田賽場地;野外	(n) 戰士,鬥士
female	(n) 雌性動物	(n) 節日	(n) 戰士,鬥士	(n) 外形;數字;圖表;(溜冰等)花式
fence	(n) 柵欄;籬笆	(n) 發燒	(n) 外形;數字;圖表;(溜冰等)花式	(n) 膠捲;影片
festival	(n) 節日	(n) 原野;田賽場地;野外	(n) 膠捲;影片	(n) 消防隊員
fever	(n) 發燒	(n) 戰士,鬥士	(n) 消防隊員	(n) 女消防隊員
field	(n) 原野;田賽場地;野外	(n) 外形;數字;圖表;(溜冰等)花式	(n) 女消防隊員	(n) 漁夫
fighter	(n) 戰士,鬥士	(n) 膠捲;影片	(n) 漁夫	(n) 適合;合身
figure	(n) 外形;數字;圖表;(溜冰等)花式	(n) 消防隊員	(n) 適合;合身	(n) 困境;窘境;賄賂;定位
film	(n) 膠捲;影片	(n) 女消防隊員	(n) 困境;窘境;賄賂;定位	(n) 旗子
fireman	(n) 消防隊員	(n) 漁夫	(n) 旗子	(n) 閃光,閃爍
firewoman	(n) 女消防隊員	(n) 適合;合身	(n) 閃光,閃爍	(n) 手電筒
fisherman	(n) 漁夫	(n) 困境;窘境;賄賂;定位	(n) 手電筒	(n) 平坦部分
fit	(n) 適合;合身	(n) 旗子	(n) 平坦部分	(n) 飛行
fix	(n) 困境;窘境;賄賂;定位	(n) 閃光,閃爍	(n) 飛行	(n) 洪水,水災
flag	(n) 旗子	(n) 手電筒	(n) 洪水,水災	(n) 麵粉
flash	(n) 閃光,閃爍	(n) 平坦部分	(n) 麵粉	(n) 流動
flashlight	(n) 手電筒	(n) 飛行	(n) 流動	(n) 流行性感冒
flat	(n) 平坦部分	(n) 洪水,水災	(n) 流行性感冒	(n) 橫笛
flight	(n) 飛行	(n) 麵粉	(n) 橫笛	(n) 焦點
flood	(n) 洪水,水災	(n) 流動	(n) 焦點	(n) 一批追隨者;下列事物(或人員)
flour	(n) 麵粉	(n) 流行性感冒	(n) 一批追隨者;下列事物(或人員)	(n) 呆子
flow	(n) 流動	(n) 橫笛	(n) 呆子	(n) 美式足球
flu	(n) 流行性感冒	(n) 焦點	(n) 美式足球	(n) 外國人
flute	(n) 橫笛	(n) 一批追隨者;下列事物(或人員)	(n) 外國人	(n) 形態;表格
focus	(n) 焦點	(n) 呆子	(n) 形態;表格	(n) 前鋒
following	(n) 一批追隨者;下列事物(或人員)	(n) 美式足球	(n) 前鋒	(n) 狐狸
fool	(n) 呆子	(n) 外國人	(n) 狐狸	(n) 自由
football	(n) 美式足球	(n) 形態;表格	(n) 自由	(n) 冰箱的冷凍部;冷凍箱
foreigner	(n) 外國人	(n) 前鋒	(n) 冰箱的冷凍部;冷凍箱	(n) 電冰箱
form	(n) 形態;表格	(n) 狐狸	(n) 電冰箱	(n) 驚嚇,恐怖
forward	(n) 前鋒	(n) 自由	(n) 驚嚇,恐怖	(n) 功能,作用;函數
fox	(n) 狐狸	(n) 冰箱的冷凍部;冷凍箱	(n) 功能,作用;函數	(n) 未來
freedom	(n) 自由	(n) 電冰箱	(n) 未來	(n) 獲得;增加;獲利;收益
freezer	(n) 冰箱的冷凍部;冷凍箱	(n) 驚嚇,恐怖	(n) 獲得;增加;獲利;收益	(n) 車庫
fridge	(n) 電冰箱	(n) 功能,作用;函數	(n) 車庫	(n) 垃圾
fright	(n) 驚嚇,恐怖	(n) 未來	(n) 垃圾	(n) 園丁;花匠
function	(n) 功能,作用;函數	(n) 獲得;增加;獲利;收益	(n) 園丁;花匠	(n) 柵門;登機門
future	(n) 未來	(n) 車庫	(n) 柵門;登機門	(n) 將軍
gain	(n) 獲得;增加;獲利;收益	(n) 垃圾	(n) 將軍	(n) 紳士
garage	(n) 車庫	(n) 園丁;花匠	(n) 紳士	(n) 地理
garbage	(n) 垃圾	(n) 柵門;登機門	(n) 地理	(n) 巨人
gardener	(n) 園丁;花匠	(n) 將軍	(n) 巨人	(n) 長頸鹿
gate	(n) 柵門;登機門	(n) 紳士	(n) 長頸鹿	(n) 手套
general	(n) 將軍	(n) 地理	(n) 手套	(n) 膠;膠水
gentleman	(n) 紳士	(n) 巨人	(n) 膠;膠水	(n) 目標;球門
geography	(n) 地理	(n) 長頸鹿	(n) 目標;球門	(n) 山羊
giant	(n) 巨人	(n) 手套	(n) 山羊	(n) 高爾夫球
giraffe	(n) 長頸鹿	(n) 膠;膠水	(n) 高爾夫球	(n) 政府
glove	(n) 手套	(n) 目標;球門	(n) 政府	(n) 年級;分數
glue	(n) 膠;膠水	(n) 山羊	(n) 年級;分數	(n) 葡萄
goal	(n) 目標;球門	(n) 高爾夫球	(n) 葡萄	(n) 成長;發育;增大
goat	(n) 山羊	(n) 政府	(n) 成長;發育;增大	(n) 警衛
golf	(n) 高爾夫球	(n) 年級;分數	(n) 警衛	(n) 番石榴
government	(n) 政府	(n) 葡萄	(n) 番石榴	(n) 吉他
grade	(n) 年級;分數	(n) 成長;發育;增大	(n) 吉他	(n) 傢伙;人
grape	(n) 葡萄	(n) 警衛	(n) 傢伙;人	(n) 習慣
growth	(n) 成長;發育;增大	(n) 番石榴	(n) 習慣	(n) 大廳;講堂
guard	(n) 警衛	(n) 吉他	(n) 大廳;講堂	(n) 漢堡
guava	(n) 番石榴	(n) 傢伙;人	(n) 漢堡	(n) 鎚
guitar	(n) 吉他	(n) 習慣	(n) 鎚	(n) 手帕
guy	(n) 傢伙;人	(n) 大廳;講堂	(n) 手帕	(n) 把手
habit	(n) 習慣	(n) 漢堡	(n) 把手	(n) 衣架
hall	(n) 大廳;講堂	(n) 鎚	(n) 衣架	(n) 暖氣機
hamburger	(n) 漢堡	(n) 手帕	(n) 暖氣機	(n) 高度
hammer	(n) 鎚	(n) 把手	(n) 高度	(n) 母雞
handkerchief	(n) 手帕	(n) 衣架	(n) 母雞	(n) 英雄
handle	(n) 把手	(n) 暖氣機	(n) 英雄	(n) 女英雄,女傑
hanger	(n) 衣架	(n) 高度	(n) 女英雄,女傑	(n) 公路;幹道
heater	(n) 暖氣機	(n) 母雞	(n) 公路;幹道	(n) 臀部
height	(n) 高度	(n) 英雄	(n) 臀部	(n) 河馬
hen	(n) 母雞	(n) 女英雄,女傑	(n) 河馬	(n) 河馬
hero	(n) 英雄	(n) 公路;幹道	(n) 河馬	(n) 租用,雇用
heroine	(n) 女英雄,女傑	(n) 臀部	(n) 租用,雇用	(n) 嗜好
highway	(n) 公路;幹道	(n) 河馬	(n) 嗜好	(n) 持有者;支托物
hip	(n) 臀部	(n) 河馬	(n) 持有者;支托物	(n) 蜂蜜;心愛的人
hippo	(n) 河馬	(n) 租用,雇用	(n) 蜂蜜;心愛的人	(n) 單足跳;跳躍;麻藥(尤指鴉片)
hippopotamus	(n) 河馬	(n) 嗜好	(n) 單足跳;跳躍;麻藥(尤指鴉片)	(n) 醫院
hire	(n) 租用,雇用	(n) 持有者;支托物	(n) 醫院	(n) 主人
hobby	(n) 嗜好	(n) 蜂蜜;心愛的人	(n) 主人	(n) 女主人
holder	(n) 持有者;支托物	(n) 單足跳;跳躍;麻藥(尤指鴉片)	(n) 女主人	(n) 旅館
honey	(n) 蜂蜜;心愛的人	(n) 醫院	(n) 旅館	(n) 嗡嗡聲
hop	(n) 單足跳;跳躍;麻藥(尤指鴉片)	(n) 主人	(n) 嗡嗡聲	(n) 幽默
hospital	(n) 醫院	(n) 女主人	(n) 幽默	(n) 饑餓
host	(n) 主人	(n) 旅館	(n) 饑餓	(n) 打獵;搜尋
hostess	(n) 女主人	(n) 嗡嗡聲	(n) 打獵;搜尋	(n) 獵人
hotel	(n) 旅館	(n) 幽默	(n) 獵人	(n) 匆忙
hum	(n) 嗡嗡聲	(n) 饑餓	(n) 匆忙	(n) 冷藏庫;冰箱
humor	(n) 幽默	(n) 打獵;搜尋	(n) 冷藏庫;冰箱	(n) 不幸;禍害
hunger	(n) 饑餓	(n) 獵人	(n) 不幸;禍害	(n) 重要性
hunt	(n) 打獵;搜尋	(n) 匆忙	(n) 重要性	(n) 改進,改善
hunter	(n) 獵人	(n) 冷藏庫;冰箱	(n) 改進,改善	(n) 收入
hurry	(n) 匆忙	(n) 不幸;禍害	(n) 收入	(n) 增加;增強
icebox	(n) 冷藏庫;冰箱	(n) 重要性	(n) 增加;增強	(n) 獨立;自主;自立
ill	(n) 不幸;禍害	(n) 改進,改善	(n) 獨立;自主;自立	(n) 企業;行業
importance	(n) 重要性	(n) 收入	(n) 企業;行業	(n) 影響
improvement	(n) 改進,改善	(n) 增加;增強	(n) 影響	(n) 墨水
income	(n) 收入	(n) 獨立;自主;自立	(n) 墨水	(n) 昆蟲
increase	(n) 增加;增強	(n) 企業;行業	(n) 昆蟲	(n) 例子
independence	(n) 獨立;自主;自立	(n) 影響	(n) 例子	(n) 瞬間
industry	(n) 企業;行業	(n) 墨水	(n) 瞬間	(n) 儀器
influence	(n) 影響	(n) 昆蟲	(n) 儀器	(n) 面談;採訪
ink	(n) 墨水	(n) 例子	(n) 面談;採訪	(n) 邀請
insect	(n) 昆蟲	(n) 瞬間	(n) 邀請	(n) 島嶼
instance	(n) 例子	(n) 儀器	(n) 島嶼	(n) 項目;品目
instant	(n) 瞬間	(n) 面談;採訪	(n) 項目;品目	(n) 夾克;外套
instrument	(n) 儀器	(n) 邀請	(n) 夾克;外套	(n) 果醬;擁塞
interview	(n) 面談;採訪	(n) 島嶼	(n) 果醬;擁塞	(n) 爵士樂
invitation	(n) 邀請	(n) 項目;品目	(n) 爵士樂	(n) 牛仔褲
island	(n) 島嶼	(n) 夾克;外套	(n) 牛仔褲	(n) 吉普車
item	(n) 項目;品目	(n) 果醬;擁塞	(n) 吉普車	(n) 輕推;輕撞;慢跑;緩行;暗示
jacket	(n) 夾克;外套	(n) 爵士樂	(n) 輕推;輕撞;慢跑;緩行;暗示	(n) 接頭,接縫;關節
jam	(n) 果醬;擁塞	(n) 牛仔褲	(n) 接頭,接縫;關節	(n) 法官
jazz	(n) 爵士樂	(n) 吉普車	(n) 法官	(n) 審判; 裁判;評價
jeans	(n) 牛仔褲	(n) 輕推;輕撞;慢跑;緩行;暗示	(n) 審判; 裁判;評價	(n) 審判;裁判;判斷力
jeep	(n) 吉普車	(n) 接頭,接縫;關節	(n) 審判;裁判;判斷力	(n) 番茄醬
jog	(n) 輕推;輕撞;慢跑;緩行;暗示	(n) 法官	(n) 番茄醬	(n) 幼稚園
joint	(n) 接頭,接縫;關節	(n) 審判; 裁判;評價	(n) 幼稚園	(n) 王國
judge	(n) 法官	(n) 審判;裁判;判斷力	(n) 王國	(n) 敲;擊,打;指摘,挑剔
judgement	(n) 審判; 裁判;評價	(n) 番茄醬	(n) 敲;擊,打;指摘,挑剔	(n) 學問;知識
judgment	(n) 審判;裁判;判斷力	(n) 幼稚園	(n) 學問;知識	(n) 澳洲產無尾熊
ketchup	(n) 番茄醬	(n) 王國	(n) 澳洲產無尾熊	(n) 瓢蟲
kindergarten	(n) 幼稚園	(n) 敲;擊,打;指摘,挑剔	(n) 瓢蟲	(n) 瓢蟲
kingdom	(n) 王國	(n) 學問;知識	(n) 瓢蟲	(n) 巷,弄;車道
knock	(n) 敲;擊,打;指摘,挑剔	(n) 澳洲產無尾熊	(n) 巷,弄;車道	(n) 語言
knowledge	(n) 學問;知識	(n) 瓢蟲	(n) 語言	(n) 燈籠
koala	(n) 澳洲產無尾熊	(n) 瓢蟲	(n) 燈籠	(n) 膝部;(衣,裙等的)下襬
ladybird	(n) 瓢蟲	(n) 巷,弄;車道	(n) 膝部;(衣,裙等的)下襬	(n) 律師
ladybug	(n) 瓢蟲	(n) 語言	(n) 律師	(n) 領導才能
lane	(n) 巷,弄;車道	(n) 燈籠	(n) 領導才能	(n) 檸檬
language	(n) 語言	(n) 膝部;(衣,裙等的)下襬	(n) 檸檬	(n) 檸檬水
lantern	(n) 燈籠	(n) 律師	(n) 檸檬水	(n) (距離,尺寸的)長度
lap	(n) 膝部;(衣,裙等的)下襬	(n) 領導才能	(n) (距離,尺寸的)長度	(n) 豹;美洲豹
lawyer	(n) 律師	(n) 檸檬	(n) 豹;美洲豹	(n) 類似萵苣的生菜
leadership	(n) 領導才能	(n) 檸檬水	(n) 類似萵苣的生菜	(n) 圖書館
lemon	(n) 檸檬	(n) (距離,尺寸的)長度	(n) 圖書館	(n) 舔,舐;少量
lemonade	(n) 檸檬水	(n) 豹;美洲豹	(n) 舔,舐;少量	(n) 蓋子
length	(n) (距離,尺寸的)長度	(n) 類似萵苣的生菜	(n) 蓋子	(n) 閃電
leopard	(n) 豹;美洲豹	(n) 圖書館	(n) 閃電	(n) 限度
lettuce	(n) 類似萵苣的生菜	(n) 舔,舐;少量	(n) 限度	(n) 環節
library	(n) 圖書館	(n) 蓋子	(n) 環節	(n) 液體
lick	(n) 舔,舐;少量	(n) 閃電	(n) 液體	(n) 傾聽者
lid	(n) 蓋子	(n) 限度	(n) 傾聽者	(n) 一條(麵包)
lightning	(n) 閃電	(n) 環節	(n) 一條(麵包)	(n) 當地居民
limit	(n) 限度	(n) 液體	(n) 當地居民	(n) 鎖
link	(n) 環節	(n) 傾聽者	(n) 鎖	(n) 原木;木料;工作記錄簿
liquid	(n) 液體	(n) 一條(麵包)	(n) 原木;木料;工作記錄簿	(n) 輸家
listener	(n) 傾聽者	(n) 當地居民	(n) 輸家	(n) 損失
loaf	(n) 一條(麵包)	(n) 鎖	(n) 損失	(n) 情人
local	(n) 當地居民	(n) 原木;木料;工作記錄簿	(n) 情人	(n) 好運;幸運
lock	(n) 鎖	(n) 輸家	(n) 好運;幸運	(n) 雜誌
log	(n) 原木;木料;工作記錄簿	(n) 損失	(n) 雜誌	(n) 魔術
loser	(n) 輸家	(n) 情人	(n) 魔術	(n) 魔術師
loss	(n) 損失	(n) 好運;幸運	(n) 魔術師	(n) 總管道;主要部分;要點
lover	(n) 情人	(n) 雜誌	(n) 總管道;主要部分;要點	(n) 雄性動物
luck	(n) 好運;幸運	(n) 魔術	(n) 雄性動物	(n) 中國的官話(北京話)
magazine	(n) 雜誌	(n) 魔術師	(n) 中國的官話(北京話)	(n) 芒果
magic	(n) 魔術	(n) 總管道;主要部分;要點	(n) 芒果	(n) 舉止;態度
magician	(n) 魔術師	(n) 雄性動物	(n) 舉止;態度	(n) 記號
main	(n) 總管道;主要部分;要點	(n) 中國的官話(北京話)	(n) 記號	(n) 結婚,婚姻
male	(n) 雄性動物	(n) 芒果	(n) 結婚,婚姻	(n) 面具
Mandarin	(n) 中國的官話(北京話)	(n) 舉止;態度	(n) 面具	(n) 團;塊
mango	(n) 芒果	(n) 記號	(n) 團;塊	(n) 蓆子;墊子
manner	(n) 舉止;態度	(n) 結婚,婚姻	(n) 蓆子;墊子	(n) 比賽,競賽;對手;相配者;火柴
mark	(n) 記號	(n) 面具	(n) 比賽,競賽;對手;相配者;火柴	(n) 同伴,伙伴
marriage	(n) 結婚,婚姻	(n) 團;塊	(n) 同伴,伙伴	(n) 餐
mask	(n) 面具	(n) 蓆子;墊子	(n) 餐	(n) 意義
mass	(n) 團;塊	(n) 比賽,競賽;對手;相配者;火柴	(n) 意義	(n) 手段,方法;工具;收入
mat	(n) 蓆子;墊子	(n) 同伴,伙伴	(n) 手段,方法;工具;收入	(n) 測量法;測定;尺寸
match	(n) 比賽,競賽;對手;相配者;火柴	(n) 餐	(n) 測量法;測定;尺寸	(n) 藥
mate	(n) 同伴,伙伴	(n) 意義	(n) 藥	(n) 集會
meal	(n) 餐	(n) 手段,方法;工具;收入	(n) 集會	(n) 旋律;主調
meaning	(n) 意義	(n) 測量法;測定;尺寸	(n) 旋律;主調	(n) 瓜,甜瓜
means	(n) 手段,方法;工具;收入	(n) 藥	(n) 瓜,甜瓜	(n) 會員
measurement	(n) 測量法;測定;尺寸	(n) 集會	(n) 會員	(n) 記憶
medicine	(n) 藥	(n) 旋律;主調	(n) 記憶	(n) 菜單
meeting	(n) 集會	(n) 瓜,甜瓜	(n) 菜單	(n) 消息;音信
melody	(n) 旋律;主調	(n) 會員	(n) 消息;音信	(n) 金屬
melon	(n) 瓜,甜瓜	(n) 記憶	(n) 金屬	(n) 公尺;計量器
member	(n) 會員	(n) 菜單	(n) 公尺;計量器	(n) 方法
memory	(n) 記憶	(n) 消息;音信	(n) 方法	(n) 地下鐵道
menu	(n) 菜單	(n) 金屬	(n) 地下鐵道	(n) 軍隊
message	(n) 消息;音信	(n) 公尺;計量器	(n) 軍隊	(n) 百萬
metal	(n) 金屬	(n) 方法	(n) 百萬	(n) 我的東西;礦;源泉;地雷;坑道
meter	(n) 公尺;計量器	(n) 地下鐵道	(n) 我的東西;礦;源泉;地雷;坑道	(n) 負號
method	(n) 方法	(n) 軍隊	(n) 負號	(n) 鏡子
metro	(n) 地下鐵道	(n) 百萬	(n) 鏡子	(n) 混和,攪和;結合
military	(n) 軍隊	(n) 我的東西;礦;源泉;地雷;坑道	(n) 混和,攪和;結合	(n) 模型;模特兒
million	(n) 百萬	(n) 負號	(n) 模型;模特兒	(n) 怪物
mine	(n) 我的東西;礦;源泉;地雷;坑道	(n) 鏡子	(n) 怪物	(n) 蚊子
minus	(n) 負號	(n) 混和,攪和;結合	(n) 蚊子	(n) 蛾;蠹,蛀蟲
mirror	(n) 鏡子	(n) 模型;模特兒	(n) 蛾;蠹,蛀蟲	(n) 移動
mix	(n) 混和,攪和;結合	(n) 怪物	(n) 移動	(n) 機車
model	(n) 模型;模特兒	(n) 蚊子	(n) 機車	(n) 騾;固執的人
monster	(n) 怪物	(n) 蛾;蠹,蛀蟲	(n) 騾;固執的人	(n) 博物館
mosquito	(n) 蚊子	(n) 移動	(n) 博物館	(n) 音樂家
moth	(n) 蛾;蠹,蛀蟲	(n) 機車	(n) 音樂家	(n) 釘子;指甲
motion	(n) 移動	(n) 騾;固執的人	(n) 釘子;指甲	(n) 餐巾
motorcycle	(n) 機車	(n) 博物館	(n) 餐巾	(n) 項鍊
mule	(n) 騾;固執的人	(n) 音樂家	(n) 項鍊	(n) 針
museum	(n) 博物館	(n) 釘子;指甲	(n) 針	(n) 否定語;負數;陰電;底片
musician	(n) 音樂家	(n) 餐巾	(n) 否定語;負數;陰電;底片	(n) 鄰居
nail	(n) 釘子;指甲	(n) 項鍊	(n) 鄰居	(n) 侄子;外甥
napkin	(n) 餐巾	(n) 針	(n) 侄子;外甥	(n) 巢
necklace	(n) 項鍊	(n) 否定語;負數;陰電;底片	(n) 巢	(n) 網子
needle	(n) 針	(n) 鄰居	(n) 網子	(n) 侄女;外甥女
negative	(n) 否定語;負數;陰電;底片	(n) 侄子;外甥	(n) 侄女;外甥女	(n) 無名小子
neighbor	(n) 鄰居	(n) 巢	(n) 無名小子	(n) 點頭
nephew	(n) 侄子;外甥	(n) 網子	(n) 點頭	(n) 麵
nest	(n) 巢	(n) 侄女;外甥女	(n) 麵	(n) 筆記本
net	(n) 網子	(n) 無名小子	(n) 筆記本	(n) 小說
niece	(n) 侄女;外甥女	(n) 點頭	(n) 小說	(n) 核果
nobody	(n) 無名小子	(n) 麵	(n) 核果	(n) 物件
nod	(n) 點頭	(n) 筆記本	(n) 物件	(n) 提供,提議;出價;報價
noodle	(n) 麵	(n) 小說	(n) 提供,提議;出價;報價	(n) 官員,公務員
notebook	(n) 筆記本	(n) 核果	(n) 官員,公務員	(n) 洋蔥
novel	(n) 小說	(n) 物件	(n) 洋蔥	(n) 意見
nut	(n) 核果	(n) 提供,提議;出價;報價	(n) 意見	(n) 器官
object	(n) 物件	(n) 官員,公務員	(n) 器官	(n) 組織
offer	(n) 提供,提議;出價;報價	(n) 洋蔥	(n) 組織	(n) 烤箱
official	(n) 官員,公務員	(n) 意見	(n) 烤箱	(n) 天橋
onion	(n) 洋蔥	(n) 器官	(n) 天橋	(n) 貓頭鷹
opinion	(n) 意見	(n) 組織	(n) 貓頭鷹	(n) 物主
organ	(n) 器官	(n) 烤箱	(n) 物主	(n) 公牛
organization	(n) 組織	(n) 天橋	(n) 公牛	(n) 一小包
oven	(n) 烤箱	(n) 貓頭鷹	(n) 一小包	(n) 包裹
overpass	(n) 天橋	(n) 物主	(n) 包裹	(n) 疼痛;痛苦
owl	(n) 貓頭鷹	(n) 公牛	(n) 疼痛;痛苦	(n) 油漆匠;畫家
owner	(n) 物主	(n) 一小包	(n) 油漆匠;畫家	(n) 油畫,水彩畫
ox	(n) 公牛	(n) 包裹	(n) 油畫,水彩畫	(n) 睡衣
pack	(n) 一小包	(n) 疼痛;痛苦	(n) 睡衣	(n) 手掌,手心
package	(n) 包裹	(n) 油漆匠;畫家	(n) 手掌,手心	(n) 平鍋
pain	(n) 疼痛;痛苦	(n) 油畫,水彩畫	(n) 平鍋	(n) 貓熊
painter	(n) 油漆匠;畫家	(n) 睡衣	(n) 貓熊	(n) 木瓜
painting	(n) 油畫,水彩畫	(n) 手掌,手心	(n) 木瓜	(n) 原諒,饒恕,寬恕;赦免
pajamas	(n) 睡衣	(n) 平鍋	(n) 原諒,饒恕,寬恕;赦免	(n) 鸚鵡
palm	(n) 手掌,手心	(n) 貓熊	(n) 鸚鵡	(n) 夥伴
pan	(n) 平鍋	(n) 木瓜	(n) 夥伴	(n) 乘客
panda	(n) 貓熊	(n) 原諒,饒恕,寬恕;赦免	(n) 乘客	(n) 漿糊
papaya	(n) 木瓜	(n) 鸚鵡	(n) 漿糊	(n) 輕拍,輕打
pardon	(n) 原諒,饒恕,寬恕;赦免	(n) 夥伴	(n) 輕拍,輕打	(n) 小徑;路線
parrot	(n) 鸚鵡	(n) 乘客	(n) 小徑;路線	(n) 病人
partner	(n) 夥伴	(n) 漿糊	(n) 病人	(n) 圖案;模式
passenger	(n) 乘客	(n) 輕拍,輕打	(n) 圖案;模式	(n) 和平
paste	(n) 漿糊	(n) 小徑;路線	(n) 和平	(n) 花生;花生果;花生米
pat	(n) 輕拍,輕打	(n) 病人	(n) 花生;花生果;花生米	(n) 梨子
path	(n) 小徑;路線	(n) 圖案;模式	(n) 梨子	(n) 企鵝
patient	(n) 病人	(n) 和平	(n) 企鵝	(n) 胡椒;辣椒
pattern	(n) 圖案;模式	(n) 花生;花生果;花生米	(n) 胡椒;辣椒	(n) 完成式
peace	(n) 和平	(n) 梨子	(n) 完成式	(n) 一段時間;一堂課
peanut	(n) 花生;花生果;花生米	(n) 企鵝	(n) 一段時間;一堂課	(n) 電話
pear	(n) 梨子	(n) 胡椒;辣椒	(n) 電話	(n) 相片
penguin	(n) 企鵝	(n) 完成式	(n) 相片	(n) 照片
pepper	(n) 胡椒;辣椒	(n) 一段時間;一堂課	(n) 照片	(n) 攝影師,照相師
perfect	(n) 完成式	(n) 電話	(n) 攝影師,照相師	(n) 片語,詞組
period	(n) 一段時間;一堂課	(n) 相片	(n) 片語,詞組	(n) 精華,最好的部分;收穫(量)
phone	(n) 電話	(n) 照片	(n) 精華,最好的部分;收穫(量)	(n) 野餐
photo	(n) 相片	(n) 攝影師,照相師	(n) 野餐	(n) 鴿子
photograph	(n) 照片	(n) 片語,詞組	(n) 鴿子	(n) 一堆
photographer	(n) 攝影師,照相師	(n) 精華,最好的部分;收穫(量)	(n) 一堆	(n) 枕頭
phrase	(n) 片語,詞組	(n) 野餐	(n) 枕頭	(n) 大頭針;胸針
pick	(n) 精華,最好的部分;收穫(量)	(n) 鴿子	(n) 大頭針;胸針	(n) 鳳梨
picnic	(n) 野餐	(n) 一堆	(n) 鳳梨	(n) 乒乓球,桌球
pigeon	(n) 鴿子	(n) 枕頭	(n) 乒乓球,桌球	(n) 管子
pile	(n) 一堆	(n) 大頭針;胸針	(n) 管子	(n) 投;投球;音高
pillow	(n) 枕頭	(n) 鳳梨	(n) 投;投球;音高	(n) 披薩
pin	(n) 大頭針;胸針	(n) 乒乓球,桌球	(n) 披薩	(n) 平原
pineapple	(n) 鳳梨	(n) 管子	(n) 平原	(n) 行星
ping-pong	(n) 乒乓球,桌球	(n) 投;投球;音高	(n) 行星	(n) 盤;碟
pipe	(n) 管子	(n) 披薩	(n) 盤;碟	(n) 月台;平台
pitch	(n) 投;投球;音高	(n) 平原	(n) 月台;平台	(n) 愉快
pizza	(n) 披薩	(n) 行星	(n) 愉快	(n) 正號
plain	(n) 平原	(n) 盤;碟	(n) 正號	(n) 詩
planet	(n) 行星	(n) 月台;平台	(n) 詩	(n) 詩人
plate	(n) 盤;碟	(n) 愉快	(n) 詩人	(n) 毒物
platform	(n) 月台;平台	(n) 正號	(n) 毒物	(n) 政策;策略
pleasure	(n) 愉快	(n) 詩	(n) 政策;策略	(n) 人口
plus	(n) 正號	(n) 詩人	(n) 人口	(n) 豬肉
poem	(n) 詩	(n) 毒物	(n) 豬肉	(n) 港
poet	(n) 詩人	(n) 政策;策略	(n) 港	(n) 姿勢;裝腔作勢
poison	(n) 毒物	(n) 人口	(n) 姿勢;裝腔作勢	(n) 正面;正數;正片;(電池的)陽極
policy	(n) 政策;策略	(n) 豬肉	(n) 正面;正數;正片;(電池的)陽極	(n) 可能性
population	(n) 人口	(n) 港	(n) 可能性	(n) 郵件;柱;樁;崗位;站;交易所
pork	(n) 豬肉	(n) 姿勢;裝腔作勢	(n) 郵件;柱;樁;崗位;站;交易所	(n) 明信片
port	(n) 港	(n) 正面;正數;正片;(電池的)陽極	(n) 明信片	(n) 罐;鍋
pose	(n) 姿勢;裝腔作勢	(n) 可能性	(n) 罐;鍋	(n) 馬鈴薯
positive	(n) 正面;正數;正片;(電池的)陽極	(n) 郵件;柱;樁;崗位;站;交易所	(n) 馬鈴薯	(n) 磅
possibility	(n) 可能性	(n) 明信片	(n) 磅	(n) 讚揚,稱讚
post	(n) 郵件;柱;樁;崗位;站;交易所	(n) 罐;鍋	(n) 讚揚,稱讚	(n) 出席,在場
postcard	(n) 明信片	(n) 馬鈴薯	(n) 出席,在場	(n) 禮物
pot	(n) 罐;鍋	(n) 磅	(n) 禮物	(n) 校長;總統
potato	(n) 馬鈴薯	(n) 讚揚,稱讚	(n) 校長;總統	(n) 新聞輿論
pound	(n) 磅	(n) 出席,在場	(n) 新聞輿論	(n) 自豪,得意
praise	(n) 讚揚,稱讚	(n) 禮物	(n) 自豪,得意	(n) 王子
presence	(n) 出席,在場	(n) 校長;總統	(n) 王子	(n) 公主
present	(n) 禮物	(n) 新聞輿論	(n) 公主	(n) (中小學)校長
president	(n) 校長;總統	(n) 自豪,得意	(n) (中小學)校長	(n) 主義;真諦
press	(n) 新聞輿論	(n) 王子	(n) 主義;真諦	(n) 印表機;印刷業者
pride	(n) 自豪,得意	(n) 公主	(n) 印表機;印刷業者	(n) 監獄
prince	(n) 王子	(n) (中小學)校長	(n) 監獄	(n) 囚犯;俘虜
princess	(n) 公主	(n) 主義;真諦	(n) 囚犯;俘虜	(n) 獎品
principal	(n) (中小學)校長	(n) 印表機;印刷業者	(n) 獎品	(n) 農產品
principle	(n) 主義;真諦	(n) 監獄	(n) 農產品	(n) 生產者,製造者製片人
printer	(n) 印表機;印刷業者	(n) 囚犯;俘虜	(n) 生產者,製造者製片人	(n) 進步
prison	(n) 監獄	(n) 獎品	(n) 進步	(n) 計畫
prisoner	(n) 囚犯;俘虜	(n) 農產品	(n) 計畫	(n) 承諾,諾言;希望,前途
prize	(n) 獎品	(n) 生產者,製造者製片人	(n) 承諾,諾言;希望,前途	(n) 布丁
produce	(n) 農產品	(n) 進步	(n) 布丁	(n) 唧筒;打氣機;抽水機
producer	(n) 生產者,製造者製片人	(n) 計畫	(n) 唧筒;打氣機;抽水機	(n) 南瓜
progress	(n) 進步	(n) 承諾,諾言;希望,前途	(n) 南瓜	(n) 處罰;懲罰
project	(n) 計畫	(n) 布丁	(n) 處罰;懲罰	(n) 學生
promise	(n) 承諾,諾言;希望,前途	(n) 唧筒;打氣機;抽水機	(n) 學生	(n) 木偶;傀儡
pudding	(n) 布丁	(n) 南瓜	(n) 木偶;傀儡	(n) 小狗
pump	(n) 唧筒;打氣機;抽水機	(n) 處罰;懲罰	(n) 小狗	(n) 錢包
pumpkin	(n) 南瓜	(n) 學生	(n) 錢包	(n) 謎
punishment	(n) 處罰;懲罰	(n) 木偶;傀儡	(n) 謎	(n) 品質
pupil	(n) 學生	(n) 小狗	(n) 品質	(n) 量
puppet	(n) 木偶;傀儡	(n) 錢包	(n) 量	(n) ¼;美金分;分鐘
puppy	(n) 小狗	(n) 謎	(n) ¼;美金分;分鐘	(n) 小考
purse	(n) 錢包	(n) 品質	(n) 小考	(n) 兔子
puzzle	(n) 謎	(n) 量	(n) 兔子	(n) 範圍;等級;多爐爐灶
quality	(n) 品質	(n) ¼;美金分;分鐘	(n) 範圍;等級;多爐爐灶	(n) 現實;真實
quantity	(n) 量	(n) 小考	(n) 現實;真實	(n) 記錄;唱片
quarter	(n) ¼;美金分;分鐘	(n) 兔子	(n) 記錄;唱片	(n) 長方形
quiz	(n) 小考	(n) 範圍;等級;多爐爐灶	(n) 長方形	(n) 電冰箱
rabbit	(n) 兔子	(n) 現實;真實	(n) 電冰箱	(n) 事項;問候
range	(n) 範圍;等級;多爐爐灶	(n) 記錄;唱片	(n) 事項;問候	(n) 地區,地帶
reality	(n) 現實;真實	(n) 長方形	(n) 地區,地帶	(n) 正規兵;老客戶;長工;普通尺寸
record	(n) 記錄;唱片	(n) 電冰箱	(n) 正規兵;老客戶;長工;普通尺寸	(n) 關係,關聯
rectangle	(n) 長方形	(n) 事項;問候	(n) 關係,關聯	(n) 關係,關聯;人際關係
refrigerator	(n) 電冰箱	(n) 地區,地帶	(n) 關係,關聯;人際關係	(n) 重複;重播;複寫;副本;
regard	(n) 事項;問候	(n) 正規兵;老客戶;長工;普通尺寸	(n) 重複;重播;複寫;副本;	(n) 答覆
region	(n) 地區,地帶	(n) 關係,關聯	(n) 答覆	(n) 記者
regular	(n) 正規兵;老客戶;長工;普通尺寸	(n) 關係,關聯;人際關係	(n) 記者	(n) 需要;必需品
relation	(n) 關係,關聯	(n) 重複;重播;複寫;副本;	(n) 需要;必需品	(n) 尊敬
relationship	(n) 關係,關聯;人際關係	(n) 答覆	(n) 尊敬	(n) 餐廳
repeat	(n) 重複;重播;複寫;副本;	(n) 記者	(n) 餐廳	(n) 廁所
reply	(n) 答覆	(n) 需要;必需品	(n) 廁所	(n) 廁所
reporter	(n) 記者	(n) 尊敬	(n) 廁所	(n) 結果
requirement	(n) 需要;必需品	(n) 餐廳	(n) 結果	(n) 復習
respect	(n) 尊敬	(n) 廁所	(n) 復習	(n) 財富,財產;富有,豐饒
restaurant	(n) 餐廳	(n) 廁所	(n) 財富,財產;富有,豐饒	(n) 蟑螂
restroom	(n) 廁所	(n) 結果	(n) 蟑螂	(n) 滾動;(一)捲;捲餅;隆隆聲;名單
restroom	(n) 廁所	(n) 復習	(n) 滾動;(一)捲;捲餅;隆隆聲;名單	(n) 尺;統治者
result	(n) 結果	(n) 財富,財產;富有,豐饒	(n) 尺;統治者	(n) 賽跑者;逃亡者
review	(n) 復習	(n) 蟑螂	(n) 賽跑者;逃亡者	(n) 急速行動;(交通等的)繁忙;搶購
riches	(n) 財富,財產;富有,豐饒	(n) 滾動;(一)捲;捲餅;隆隆聲;名單	(n) 急速行動;(交通等的)繁忙;搶購	(n) 安全
roach	(n) 蟑螂	(n) 尺;統治者	(n) 安全	(n) 水手
roll	(n) 滾動;(一)捲;捲餅;隆隆聲;名單	(n) 賽跑者;逃亡者	(n) 水手	(n) 沙拉
ruler	(n) 尺;統治者	(n) 急速行動;(交通等的)繁忙;搶購	(n) 沙拉	(n) 樣品
runner	(n) 賽跑者;逃亡者	(n) 安全	(n) 樣品	(n) 三明治
rush	(n) 急速行動;(交通等的)繁忙;搶購	(n) 水手	(n) 三明治	(n) 調味醬,醬汁
safety	(n) 安全	(n) 沙拉	(n) 調味醬,醬汁	(n) 科學
sailor	(n) 水手	(n) 樣品	(n) 科學	(n) 科學家
salad	(n) 沙拉	(n) 三明治	(n) 科學家	(n) 剪刀
sample	(n) 樣品	(n) 調味醬,醬汁	(n) 剪刀	(n) 得分; 二十; 刻痕; 樂譜
sandwich	(n) 三明治	(n) 科學	(n) 得分; 二十; 刻痕; 樂譜	(n) 屏;銀幕
sauce	(n) 調味醬,醬汁	(n) 科學家	(n) 屏;銀幕	(n) 搜查,搜尋;檢查;探索,調查
science	(n) 科學	(n) 剪刀	(n) 搜查,搜尋;檢查;探索,調查	(n) 秘密
scientist	(n) 科學家	(n) 得分; 二十; 刻痕; 樂譜	(n) 秘密	(n) 秘書
scissors	(n) 剪刀	(n) 屏;銀幕	(n) 秘書	(n) 節;斷面
score	(n) 得分; 二十; 刻痕; 樂譜	(n) 搜查,搜尋;檢查;探索,調查	(n) 節;斷面	(n) 選擇;選拔;選集,文選
screen	(n) 屏;銀幕	(n) 秘密	(n) 選擇;選拔;選集,文選	(n) 學期
search	(n) 搜查,搜尋;檢查;探索,調查	(n) 秘書	(n) 學期	(n) 雇工
secret	(n) 秘密	(n) 節;斷面	(n) 雇工	(n) 解決;清算;定居
secretary	(n) 秘書	(n) 選擇;選拔;選集,文選	(n) 解決;清算;定居	(n) 股份;市場佔有率;分攤;貢獻
section	(n) 節;斷面	(n) 學期	(n) 股份;市場佔有率;分攤;貢獻	(n) 架子
selection	(n) 選擇;選拔;選集,文選	(n) 雇工	(n) 架子	(n) 殼,果殼;貝殼
semester	(n) 學期	(n) 解決;清算;定居	(n) 殼,果殼;貝殼	(n) 震驚
servant	(n) 雇工	(n) 股份;市場佔有率;分攤;貢獻	(n) 震驚	(n) 幼芽,幼枝;狩獵(隊);射擊;拍攝
settlement	(n) 解決;清算;定居	(n) 架子	(n) 幼芽,幼枝;狩獵(隊);射擊;拍攝	(n) 短褲
share	(n) 股份;市場佔有率;分攤;貢獻	(n) 殼,果殼;貝殼	(n) 短褲	(n) 陣雨;淋浴
shelf	(n) 架子	(n) 震驚	(n) 陣雨;淋浴	(n) 蝦子
shell	(n) 殼,果殼;貝殼	(n) 幼芽,幼枝;狩獵(隊);射擊;拍攝	(n) 蝦子	(n) 路邊行人道
shock	(n) 震驚	(n) 短褲	(n) 路邊行人道	(n) 記號
shoot	(n) 幼芽,幼枝;狩獵(隊);射擊;拍攝	(n) 陣雨;淋浴	(n) 記號	(n) 寂靜
shorts	(n) 短褲	(n) 蝦子	(n) 寂靜	(n) 蠶絲,絲;絲織物(品),綢布
shower	(n) 陣雨;淋浴	(n) 路邊行人道	(n) 蠶絲,絲;絲織物(品),綢布	(n) 單的;一壘安打
shrimp	(n) 蝦子	(n) 記號	(n) 單的;一壘安打	(n) 洗物槽
sidewalk	(n) 路邊行人道	(n) 寂靜	(n) 洗物槽	(n) 裙子
sign	(n) 記號	(n) 蠶絲,絲;絲織物(品),綢布	(n) 裙子	(n) 滑梯;土崩
silence	(n) 寂靜	(n) 單的;一壘安打	(n) 滑梯;土崩	(n) 滑跤
silk	(n) 蠶絲,絲;絲織物(品),綢布	(n) 洗物槽	(n) 滑跤	(n) 拖鞋
single	(n) 單的;一壘安打	(n) 裙子	(n) 拖鞋	(n) 點心
sink	(n) 洗物槽	(n) 滑梯;土崩	(n) 點心	(n) 蝸牛
skirt	(n) 裙子	(n) 滑跤	(n) 蝸牛	(n) 足球
slide	(n) 滑梯;土崩	(n) 拖鞋	(n) 足球	(n) 社會
slip	(n) 滑跤	(n) 點心	(n) 社會	(n) 短襪
slipper	(n) 拖鞋	(n) 蝸牛	(n) 短襪	(n) 軍人
snack	(n) 點心	(n) 足球	(n) 軍人	(n) 解答;溶劑
snail	(n) 蝸牛	(n) 社會	(n) 解答;溶劑	(n) 某人;有名氣的人
soccer	(n) 足球	(n) 短襪	(n) 某人;有名氣的人	(n) 類型;排序
society	(n) 社會	(n) 軍人	(n) 類型;排序	(n) 源頭
sock	(n) 短襪	(n) 解答;溶劑	(n) 源頭	(n) 醬油;大豆
soldier	(n) 軍人	(n) 某人;有名氣的人	(n) 醬油;大豆	(n) 大豆
solution	(n) 解答;溶劑	(n) 類型;排序	(n) 大豆	(n) 演講者;揚聲器
somebody	(n) 某人;有名氣的人	(n) 源頭	(n) 演講者;揚聲器	(n) 速度
sort	(n) 類型;排序	(n) 醬油;大豆	(n) 速度	(n) 拼字;拼寫;拼法
source	(n) 源頭	(n) 大豆	(n) 拼字;拼寫;拼法	(n) 蜘蛛
soy	(n) 醬油;大豆	(n) 演講者;揚聲器	(n) 蜘蛛	(n) 菠菜
soybean	(n) 大豆	(n) 速度	(n) 菠菜	(n) 精神
speaker	(n) 演講者;揚聲器	(n) 拼字;拼寫;拼法	(n) 精神	(n) 斑點;場所
speed	(n) 速度	(n) 蜘蛛	(n) 斑點;場所	(n) 蔓延;普及;價格差異
spelling	(n) 拼字;拼寫;拼法	(n) 菠菜	(n) 蔓延;普及;價格差異	(n) 春天;泉
spider	(n) 蜘蛛	(n) 精神	(n) 春天;泉	(n) 正方形
spinach	(n) 菠菜	(n) 斑點;場所	(n) 正方形	(n) 松鼠
spirit	(n) 精神	(n) 蔓延;普及;價格差異	(n) 松鼠	(n) 舞臺;(進展的)階段
spot	(n) 斑點;場所	(n) 春天;泉	(n) 舞臺;(進展的)階段	(n) 郵票;印章
spread	(n) 蔓延;普及;價格差異	(n) 正方形	(n) 郵票;印章	(n) 標準
spring	(n) 春天;泉	(n) 松鼠	(n) 標準	(n) 牛排
square	(n) 正方形	(n) 舞臺;(進展的)階段	(n) 牛排	(n) 蒸氣
squirrel	(n) 松鼠	(n) 郵票;印章	(n) 蒸氣	(n) 鋼,鋼鐵
stage	(n) 舞臺;(進展的)階段	(n) 標準	(n) 鋼,鋼鐵	(n) 棍;棒;杖;枝條
stamp	(n) 郵票;印章	(n) 牛排	(n) 棍;棒;杖;枝條	(n) 暴風雨
standard	(n) 標準	(n) 蒸氣	(n) 暴風雨	(n) 爐灶
steak	(n) 牛排	(n) 鋼,鋼鐵	(n) 爐灶	(n) 直,挺直;(紙牌)五張順牌
steam	(n) 蒸氣	(n) 棍;棒;杖;枝條	(n) 直,挺直;(紙牌)五張順牌	(n) 陌生人
steel	(n) 鋼,鋼鐵	(n) 暴風雨	(n) 陌生人	(n) 稻草;吸管
stick	(n) 棍;棒;杖;枝條	(n) 爐灶	(n) 稻草;吸管	(n) 草莓
storm	(n) 暴風雨	(n) 直,挺直;(紙牌)五張順牌	(n) 草莓	(n) 溪流
stove	(n) 爐灶	(n) 陌生人	(n) 溪流	(n) 壓力
straight	(n) 直,挺直;(紙牌)五張順牌	(n) 稻草;吸管	(n) 壓力	(n) 伸直;伸出;伸長
stranger	(n) 陌生人	(n) 草莓	(n) 伸直;伸出;伸長	(n) 攻擊;罷工
straw	(n) 稻草;吸管	(n) 溪流	(n) 攻擊;罷工	(n) 線;細繩;帶子
strawberry	(n) 草莓	(n) 壓力	(n) 線;細繩;帶子	(n) 使勁;掙扎
stream	(n) 溪流	(n) 伸直;伸出;伸長	(n) 使勁;掙扎	(n) 主題;學科
stress	(n) 壓力	(n) 攻擊;罷工	(n) 主題;學科	(n) 地鐵
stretch	(n) 伸直;伸出;伸長	(n) 線;細繩;帶子	(n) 地鐵	(n) 成功
strike	(n) 攻擊;罷工	(n) 使勁;掙扎	(n) 成功	(n) 突然發生的事
string	(n) 線;細繩;帶子	(n) 主題;學科	(n) 突然發生的事	(n) 一套衣服;訴訟
struggle	(n) 使勁;掙扎	(n) 地鐵	(n) 一套衣服;訴訟	(n) 超級市場
subject	(n) 主題;學科	(n) 成功	(n) 超級市場	(n) 生活用品;補給品
subway	(n) 地鐵	(n) 突然發生的事	(n) 生活用品;補給品	(n) 支持
success	(n) 成功	(n) 一套衣服;訴訟	(n) 支持	(n) 表面
sudden	(n) 突然發生的事	(n) 超級市場	(n) 表面	(n) 吞嚥;燕子
suit	(n) 一套衣服;訴訟	(n) 生活用品;補給品	(n) 吞嚥;燕子	(n) 天鵝
supermarket	(n) 超級市場	(n) 支持	(n) 天鵝	(n) 毛衣
supply	(n) 生活用品;補給品	(n) 表面	(n) 毛衣	(n) 掃除
support	(n) 支持	(n) 吞嚥;燕子	(n) 掃除	(n) 鞦韆;搖擺音樂
surface	(n) 表面	(n) 天鵝	(n) 鞦韆;搖擺音樂	(n) 符號;象徵
swallow	(n) 吞嚥;燕子	(n) 毛衣	(n) 符號;象徵	(n) 乒乓球
swan	(n) 天鵝	(n) 掃除	(n) 乒乓球	(n) 天才
sweater	(n) 毛衣	(n) 鞦韆;搖擺音樂	(n) 天才	(n) 橘子
sweep	(n) 掃除	(n) 符號;象徵	(n) 橘子	(n) 槽;坦克
swing	(n) 鞦韆;搖擺音樂	(n) 乒乓球	(n) 槽;坦克	(n) 錄音帶;錄影帶;膠帶
symbol	(n) 符號;象徵	(n) 天才	(n) 錄音帶;錄影帶;膠帶	(n) 目標
table tennis	(n) 乒乓球	(n) 橘子	(n) 目標	(n) 任務;工作
talent	(n) 天才	(n) 槽;坦克	(n) 任務;工作	(n) 隊
tangerine	(n) 橘子	(n) 錄音帶;錄影帶;膠帶	(n) 隊	(n) 眼淚
tank	(n) 槽;坦克	(n) 目標	(n) 眼淚	(n) 青少年
tape	(n) 錄音帶;錄影帶;膠帶	(n) 任務;工作	(n) 青少年	(n) 十幾歲孩子
target	(n) 目標	(n) 隊	(n) 十幾歲孩子	(n) 電話
task	(n) 任務;工作	(n) 眼淚	(n) 電話	(n) 電視
team	(n) 隊	(n) 青少年	(n) 電視	(n) 廟宇;神殿
tear	(n) 眼淚	(n) 十幾歲孩子	(n) 廟宇;神殿	(n) 網球
teen	(n) 青少年	(n) 電話	(n) 網球	(n) 帳篷
teenager	(n) 十幾歲孩子	(n) 電視	(n) 帳篷	(n) 術語;學期
telephone	(n) 電話	(n) 廟宇;神殿	(n) 術語;學期	(n) 測驗;考試
television	(n) 電視	(n) 網球	(n) 測驗;考試	(n) 教科書
temple	(n) 廟宇;神殿	(n) 帳篷	(n) 教科書	(n) 戲院;劇院
tennis	(n) 網球	(n) 術語;學期	(n) 戲院;劇院	(n) 小偷
tent	(n) 帳篷	(n) 測驗;考試	(n) 小偷	(n) 喉嚨
term	(n) 術語;學期	(n) 教科書	(n) 喉嚨	(n) 拇指
test	(n) 測驗;考試	(n) 戲院;劇院	(n) 拇指	(n) 雷
textbook	(n) 教科書	(n) 小偷	(n) 雷	(n) 尖端;小費
theater	(n) 戲院;劇院	(n) 喉嚨	(n) 尖端;小費	(n) 標題;頭銜
thief	(n) 小偷	(n) 拇指	(n) 標題;頭銜	(n) 烤麵包片
throat	(n) 喉嚨	(n) 雷	(n) 烤麵包片	(n) 腳趾
thumb	(n) 拇指	(n) 尖端;小費	(n) 腳趾	(n) 豆腐
thunder	(n) 雷	(n) 標題;頭銜	(n) 豆腐	(n) 馬桶
tip	(n) 尖端;小費	(n) 烤麵包片	(n) 馬桶	(n) 番茄
title	(n) 標題;頭銜	(n) 腳趾	(n) 番茄	(n) 舌頭
toast	(n) 烤麵包片	(n) 豆腐	(n) 舌頭	(n) 牙齒
toe	(n) 腳趾	(n) 馬桶	(n) 牙齒	(n) 論題;話題
tofu	(n) 豆腐	(n) 番茄	(n) 論題;話題	(n) 旅行
toilet	(n) 馬桶	(n) 舌頭	(n) 旅行	(n) 毛巾
tomato	(n) 番茄	(n) 牙齒	(n) 毛巾	(n) 塔
tongue	(n) 舌頭	(n) 論題;話題	(n) 塔	(n) 行蹤;軌道
tooth	(n) 牙齒	(n) 旅行	(n) 行蹤;軌道	(n) 貿易
topic	(n) 論題;話題	(n) 毛巾	(n) 貿易	(n) 傳統
tour	(n) 旅行	(n) 塔	(n) 傳統	(n) 交通
towel	(n) 毛巾	(n) 行蹤;軌道	(n) 交通	(n) 陷阱;圈套
tower	(n) 塔	(n) 貿易	(n) 陷阱;圈套	(n) 旅行
track	(n) 行蹤;軌道	(n) 傳統	(n) 旅行	(n) 財寶
trade	(n) 貿易	(n) 交通	(n) 財寶	(n) 款待
tradition	(n) 傳統	(n) 陷阱;圈套	(n) 款待	(n) 對待;待遇;治療法
traffic	(n) 交通	(n) 旅行	(n) 對待;待遇;治療法	(n) 審判
trap	(n) 陷阱;圈套	(n) 財寶	(n) 審判	(n) 三角形
travel	(n) 旅行	(n) 款待	(n) 三角形	(n) 詭計;戲法;惡作劇
treasure	(n) 財寶	(n) 對待;待遇;治療法	(n) 詭計;戲法;惡作劇	(n) 長褲
treat	(n) 款待	(n) 審判	(n) 長褲	(n) 卡車
treatment	(n) 對待;待遇;治療法	(n) 三角形	(n) 卡車	(n) 小喇叭
trial	(n) 審判	(n) 詭計;戲法;惡作劇	(n) 小喇叭	(n) 信任,信賴;託管,信託
triangle	(n) 三角形	(n) 長褲	(n) 信任,信賴;託管,信託	(n) 事實;真相
trick	(n) 詭計;戲法;惡作劇	(n) 卡車	(n) 事實;真相	(n) 管子
trousers	(n) 長褲	(n) 小喇叭	(n) 管子	(n) 隧道
truck	(n) 卡車	(n) 信任,信賴;託管,信託	(n) 隧道	(n) 火雞
trumpet	(n) 小喇叭	(n) 事實;真相	(n) 火雞	(n) 烏龜
trust	(n) 信任,信賴;託管,信託	(n) 管子	(n) 烏龜	(n) 類型
truth	(n) 事實;真相	(n) 隧道	(n) 類型	(n) 颱風
tube	(n) 管子	(n) 火雞	(n) 颱風	(n) 雨傘
tunnel	(n) 隧道	(n) 烏龜	(n) 雨傘	(n) 地面下層;地下組織
turkey	(n) 火雞	(n) 類型	(n) 地面下層;地下組織	(n) 內衣
turtle	(n) 烏龜	(n) 颱風	(n) 內衣	(n) 制服
type	(n) 類型	(n) 雨傘	(n) 制服	(n) 使用者
typhoon	(n) 颱風	(n) 地面下層;地下組織	(n) 使用者	(n) 假期
umbrella	(n) 雨傘	(n) 內衣	(n) 假期	(n) 山谷
underground	(n) 地面下層;地下組織	(n) 制服	(n) 山谷	(n) 價值
underwear	(n) 內衣	(n) 使用者	(n) 價值	(n) 勝利
uniform	(n) 制服	(n) 假期	(n) 勝利	(n) 錄影機;錄影帶
user	(n) 使用者	(n) 山谷	(n) 錄影機;錄影帶	(n) 村落
vacation	(n) 假期	(n) 價值	(n) 村落	(n) 小提琴
valley	(n) 山谷	(n) 勝利	(n) 小提琴	(n) 訪客
value	(n) 價值	(n) 錄影機;錄影帶	(n) 訪客	(n) 字彙
victory	(n) 勝利	(n) 村落	(n) 字彙	(n) 排球
video	(n) 錄影機;錄影帶	(n) 小提琴	(n) 排球	(n) 選舉,投票,表決
village	(n) 村落	(n) 訪客	(n) 選舉,投票,表決	(n) 選舉人;投票人
violin	(n) 小提琴	(n) 字彙	(n) 選舉人;投票人	(n) 腰
visitor	(n) 訪客	(n) 排球	(n) 腰	(n) 男服務生
vocabulary	(n) 字彙	(n) 選舉,投票,表決	(n) 男服務生	(n) 女服務生
volleyball	(n) 排球	(n) 選舉人;投票人	(n) 女服務生	(n) 皮夾
vote	(n) 選舉,投票,表決	(n) 腰	(n) 皮夾	(n) 瀑布
voter	(n) 選舉人;投票人	(n) 男服務生	(n) 瀑布	(n) 西瓜
waist	(n) 腰	(n) 女服務生	(n) 西瓜	(n) 波浪
waiter	(n) 男服務生	(n) 皮夾	(n) 波浪	(n) 武器
waitress	(n) 女服務生	(n) 瀑布	(n) 武器	(n) 工作日
wallet	(n) 皮夾	(n) 西瓜	(n) 工作日	(n) 西部地區的人
waterfall	(n) 瀑布	(n) 波浪	(n) 西部地區的人	(n) 鯨魚
watermelon	(n) 西瓜	(n) 武器	(n) 鯨魚	(n) 輪子
wave	(n) 波浪	(n) 工作日	(n) 輪子	(n) 傳聞,流言
weapon	(n) 武器	(n) 西部地區的人	(n) 傳聞,流言	(n) 寬度
weekday	(n) 工作日	(n) 鯨魚	(n) 寬度	(n) 荒野,荒地;未開發的地方
western	(n) 西部地區的人	(n) 輪子	(n) 荒野,荒地;未開發的地方	(n) 翅膀
whale	(n) 鯨魚	(n) 傳聞,流言	(n) 翅膀	(n) 贏家
wheel	(n) 輪子	(n) 寬度	(n) 贏家	(n) 金屬線
whisper	(n) 傳聞,流言	(n) 荒野,荒地;未開發的地方	(n) 金屬線	(n) 狼
width	(n) 寬度	(n) 翅膀	(n) 狼	(n) 驚奇;奇觀
wild	(n) 荒野,荒地;未開發的地方	(n) 贏家	(n) 驚奇;奇觀	(n) 羊毛;毛織品
wing	(n) 翅膀	(n) 金屬線	(n) 羊毛;毛織品	(n) 價值
winner	(n) 贏家	(n) 狼	(n) 價值	(n) 傷口
wire	(n) 金屬線	(n) 驚奇;奇觀	(n) 傷口	(n) 庭院;碼(英呎)
wolf	(n) 狼	(n) 羊毛;毛織品	(n) 庭院;碼(英呎)	(n) 青少年;青少年時代
wonder	(n) 驚奇;奇觀	(n) 價值	(n) 青少年;青少年時代	(n) 斑馬
wool	(n) 羊毛;毛織品	(n) 傷口	(n) 狼	(n) 驚奇;奇觀
worth	(n) 價值	(n) 庭院;碼(英呎)	(n) 驚奇;奇觀	(n) 羊毛;毛織品
wound	(n) 傷口	(n) 青少年;青少年時代	(n) 狼	(n) 驚奇;奇觀
yard	(n) 庭院;碼(英呎)	(n) 斑馬	(n) 驚奇;奇觀	(n) 羊毛;毛織品
youth	(n) 青少年;青少年時代	(n) 金屬線	(n) 羊毛;毛織品	(n) 價值
zebra	(n) 斑馬	(n) 金屬線	(n) 價值	(n) 傷口
